IDRSSD,date,Financial Institution Name,Institution Name ,defaulter,Failure / Assistance ,total_assets,company ratio 1,company ratio 2,company ratio 3,company ratio 4,company ratio 5,MEV 1,MEV 2,default_within_1Y,Failure,num_records,non_defaulter,const
904957,3/31/2008,COLORADO NATIONAL BANK,COLORADO NATIONAL BANK,1,FAILURE,142138,-0.048734057,-6.505183291,-6.505183291,-0.55401654,0.365435653,0.155788351,-0.253926893,1,1,31,0,1
202907,6/30/2011,"COMMUNITY BANK, NATIONAL ASSOCIATION",,0,,6364903,2.754851923,0.143004658,0.143004658,-0.109969538,1.447333496,0.89736795,0.348841103,0,,60,1,1
652874,12/31/2012,"NEXBANK, SSB",,0,,784781,1.211269162,0.229021279,0.229021279,-0.783150489,1.466905469,-0.400396348,-0.387875336,0,,60,1,1
9115,3/31/2003,COMMERCE BANK/SHORE NATIONAL ASSOCIATION,,0,,2173481,1.962490121,0.253469207,0.253469207,-0.099538836,0.459243095,0.433880701,0.951609098,0,,12,1,1
3344611,6/30/2012,"BANK OF AMERICA RHODE ISLAND, NATIONAL ASSOCIATION",,1,,19405460,3.576922815,0.103615009,0.103615009,-0.869224058,0.769762871,-0.585791248,-0.52182378,0,,31,0,1
2560526,3/31/2009,CENTENNIAL BANK,CENTENNIAL BANK,1,FAILURE,241440,0.341980973,-1.857314962,-1.857314962,-1.160576285,1.145982407,1.08276285,-1.928282436,1,1,35,0,1
12311,12/31/2002,"HUNTINGTON NATIONAL BANK, THE",,0,,27399278,3.831313471,0.017433692,0.017433692,-2.279357784,0.206512405,0.433880701,0.951609098,0,,60,1,1
2714570,6/30/2009,SUN WEST BANK,SUN WEST BANK,1,FAILURE,408185,0.729212998,-4.605855198,-4.605855198,-0.181501201,-0.921276186,1.08276285,-1.928282436,1,1,36,0,1
1001152,3/31/2008,INTERNATIONAL BANK OF COMMERCE,,0,,9359919,3.039238489,0.166162262,0.166162262,-0.531784532,-0.325523047,0.155788351,-0.253926893,0,,60,1,1
215756,12/31/2008,NORTH HOUSTON BANK,NORTH HOUSTON BANK,1,FAILURE,351092,0.618100528,-1.017858486,-1.017858486,0.230058799,-3.22897099,1.08276285,-1.928282436,1,1,34,0,1
2590037,9/30/2013,"STATE FARM BANK, FSB",,0,,14926411,3.383400811,-0.226547193,-0.226547193,-0.604509553,0.560894722,0.341183251,1.42042865,0,,16,1,1
114260,12/31/2002,FIRST NATIONAL BANK ALASKA,,0,,2050443,1.919516129,0.534510945,0.534510945,1.396911783,-0.026409775,0.433880701,0.951609098,0,,60,1,1
2353595,6/30/2009,"FIRST COMMUNITY BANK, NATIONAL ASSOCIATION",,0,,2174947,1.962987355,-0.113859363,-0.113859363,-0.512210553,-0.187505583,1.08276285,-1.928282436,0,,60,1,1
542649,6/30/2009,CHEMICAL BANK,,0,,3991177,2.410676873,-0.177700019,-0.177700019,0.061781283,-0.145476433,1.08276285,-1.928282436,0,,60,1,1
642969,6/30/2002,FIRST BANK & TRUST,,0,,3040806,2.210118693,0.020863544,0.020863544,0.745227388,0.075626159,1.268157749,-0.119978449,0,,7,1,1
62101,3/31/2007,CITIZENS BANK NEW HAMPSHIRE,,0,,9977966,3.08639266,0.199679298,0.199679298,-0.843708632,-0.480906704,-1.976252995,0.482789546,0,,25,1,1
673440,9/30/2009,FIRST SECURITY BANK,,0,,2981850,2.195680479,0.265372677,0.265372677,0.105152026,0.142780984,1.175460299,-0.722746445,0,,60,1,1
249612,9/30/2013,APPLE BANK FOR SAVINGS,,0,,11887993,3.215555891,-0.148309205,-0.148309205,-1.842812024,-0.328303145,0.341183251,1.42042865,0,,60,1,1
2576198,9/30/2009,COMMUNITY SECURITY BANK,COMMUNITY SECURITY BANK,1,FAILURE,120106,-0.172937301,-1.295711955,-1.295711955,-1.657792894,-0.375992595,1.175460299,-0.722746445,1,1,37,0,1
449953,12/31/2008,SOLUTIONSBANK,SOLUTIONSBANK,1,FAILURE,506162,0.887864175,0.783116896,0.783116896,-0.894887831,0.562554528,1.08276285,-1.928282436,1,1,34,0,1
917742,12/31/2002,"ASSOCIATED BANK, NATIONAL ASSOCIATION",,0,,10022493,3.089676212,0.3229758,0.3229758,-0.327752739,-0.213907784,0.433880701,0.951609098,0,,60,1,1
2755733,12/31/2008,FIRST DUPAGE BANK,FIRST DUPAGE BANK,1,FAILURE,312260,0.53166303,-2.810047579,-2.810047579,-1.534640101,-0.069834196,1.08276285,-1.928282436,1,1,34,0,1
969723,6/30/2003,BRANCH BANKING AND TRUST COMPANY OF VIRGINIA,,0,,12235002,3.236773631,0.884281235,0.884281235,-0.333240216,-1.436601885,0.433880701,0.951609098,0,,22,1,1
2634191,6/30/2008,GLACIER BANK,,0,,1155332,1.496467423,0.476099035,0.476099035,1.48301236,2.432506938,0.155788351,-0.253926893,0,,60,1,1
1002878,3/31/2007,NORTHWEST SAVINGS BANK,,0,,6776415,2.801052271,-0.003901393,-0.003901393,-0.628140542,0.175241487,-1.976252995,0.482789546,0,,60,1,1
802110,3/31/2007,NATIONAL PENN BANK,,0,,5485371,2.645183329,0.180330032,0.180330032,-0.567436067,-0.048734329,-1.976252995,0.482789546,0,,60,1,1
342634,6/30/2010,TRUSTMARK NATIONAL BANK,,0,,9123634,3.020383165,0.148194331,0.148194331,0.166823475,-0.274771301,1.08276285,1.01858332,0,,60,1,1
1009804,9/30/2012,FARMINGTON BANK,,0,,1753963,1.804343388,-0.366827094,-0.366827094,-0.486491575,0.27366991,-0.771186147,0.080944216,0,,60,1,1
2767763,3/31/2013,"MILLENNIUM BANK, NA","MILLENNIUM BANK, NATIONAL ASSOCIATION",1,FAILURE,148080,-0.018532547,-0.844284411,-0.844284411,-1.036575957,-0.97353855,-0.400396348,-0.387875336,1,1,51,0,1
3475083,6/30/2009,TRISTATE CAPITAL BANK,,0,,1366834,1.620438842,-0.68289458,-0.68289458,-1.22703465,0.425459574,1.08276285,-1.928282436,0,,36,1,1
1916751,3/31/2009,ADVANTA BANK CORP.,ADVANTA BANK CORP.,1,FAILURE,2961791,2.190702902,-3.21332648,-3.21332648,-3.019677391,-0.836241558,1.08276285,-1.928282436,1,1,35,0,1
577128,3/31/2010,"PEOPLES BANK, NATIONAL ASSOCIATION",,0,,1995342,1.899427829,-0.094832631,-0.094832631,-0.384724954,-0.224090869,1.08276285,1.01858332,0,,60,1,1
83638,6/30/2002,"COMMERCEBANK, NATIONAL ASSOCIATION",,0,,2685213,2.118408143,0.238438844,0.238438844,0.049811809,0.241904241,1.268157749,-0.119978449,0,,60,1,1
475215,12/31/2007,BANK OF SMITHTOWN,,0,,1120634,1.4739804,0.225579562,0.225579562,0.168126709,0.07842173,0.155788351,-0.253926893,0,,38,1,1
666031,12/31/2009,"BANK OF MIAMI, NATIONAL ASSOCIATION, THE",THE BANK OF MIAMI,1,FAILURE,543833,0.94080199,-3.712431644,-3.712431644,-1.302600639,-1.714093409,1.08276285,1.01858332,1,1,38,0,1
280110,3/31/2013,KEYBANK NATIONAL ASSOCIATION,,0,,86748331,4.681214831,0.07351436,0.07351436,-0.68038121,-0.261849899,-0.400396348,-0.387875336,0,,60,1,1
3195895,3/31/2010,FIRSTIER BANK,FIRSTIER BANK,1,FAILURE,889370,1.303529914,-0.232068205,-0.232068205,-1.176425445,0.075431123,1.08276285,1.01858332,1,1,28,0,1
600174,3/31/2003,"BAY VIEW BANK, NATIONAL ASSOCIATION",,0,,569722,0.975097836,-2.758031766,-2.758031766,0.123696401,-6.272178357,0.433880701,0.951609098,0,,9,1,1
353069,12/31/2008,CITIZENS NATIONAL BANK,CITIZENS NATIONAL BANK,1,FAILURE,112640,-0.220264896,0.026265486,0.026265486,0.782064726,0.137276696,1.08276285,-1.928282436,1,1,34,0,1
143653,3/31/2009,STATE BANK OF AURORA,STATE BANK OF AURORA,1,FAILURE,31783,-1.153328537,-0.731980829,-0.731980829,-0.438317757,-0.260224341,1.08276285,-1.928282436,1,1,35,0,1
3414046,3/31/2009,OLD SOUTHERN BANK,OLD SOUTHERN BANK,1,FAILURE,373351,0.66343179,-2.130677225,-2.130677225,-1.537816079,1.233087066,1.08276285,-1.928282436,1,1,14,0,1
666273,9/30/2009,BRAMBLE SAVINGS BANK,BRAMBLE SAVINGS BANK,1,FAILURE,47283,-0.86040116,-3.589270136,-3.589270136,-1.15942983,-2.096511721,1.175460299,-0.722746445,1,1,25,0,1
936426,6/30/2003,S & T BANK,,0,,2873133,2.16829115,0.347949398,0.347949398,-0.003438651,0.017009138,0.433880701,0.951609098,0,,60,1,1
1853856,12/31/2002,"U.S. TRUST COMPANY, NATIONAL ASSOCIATION",,0,,599342,1.0124744,0.002371768,0.002371768,-0.360016619,-0.008771064,0.433880701,0.951609098,0,,19,1,1
54973,3/31/2014,"AMERICAN SAVINGS BANK, F.S.B.",,0,,5371483,2.629711218,0.124616664,0.124616664,-0.241068457,0.080933209,0.341183251,1.487402872,0,,16,1,1
656733,6/30/2009,"MB FINANCIAL BANK, NATIONAL ASSOCIATION",,0,,8383166,2.957963942,-0.200885652,-0.200885652,-0.686393931,-1.159886967,1.08276285,-1.928282436,0,,60,1,1
2319676,9/30/2008,COMMUNITY BANK OF NEVADA,COMMUNITY BANK OF NEVADA,1,FAILURE,1602066,1.737542849,-3.823587772,-3.823587772,-0.296453679,-0.486297777,0.248485801,-2.86592154,1,1,33,0,1
535258,3/31/2013,"BANK OF UNION, THE",THE  BANK OF UNION,1,FAILURE,387771,0.69137798,0.398324937,0.398324937,0.121257587,-0.035060644,-0.400396348,-0.387875336,1,1,51,0,1
2332602,3/31/2002,"KEY BANK USA, NATIONAL ASSOCIATION",,0,,7778293,2.902737611,0.090485357,0.090485357,1.633420069,0.194103761,1.268157749,-0.119978449,0,,14,1,1
437521,6/30/2007,PROVIDENT BANK OF MARYLAND,,0,,5987614,2.709789614,0.161093392,0.161093392,-0.167425717,-0.157705916,-1.976252995,0.482789546,0,,32,1,1
2719427,12/31/2010,"GREEN BANK, NATIONAL ASSOCIATION",,0,,865071,1.283101387,-0.233575617,-0.233575617,-0.441213331,2.914212462,0.89736795,0.348841103,0,,60,1,1
691079,3/31/2009,AMERICAN MARINE BANK,AMERICAN MARINE BANK,1,FAILURE,378579,0.673686533,-8.042979411,-8.042979411,-0.245313817,-1.116415496,1.08276285,-1.928282436,1,1,35,0,1
2762638,12/31/2008,PROSPERAN BANK,PROSPERAN BANK,1,FAILURE,214483,0.254674476,-3.91291326,-3.91291326,-0.021046676,-0.42006986,1.08276285,-1.928282436,1,1,34,0,1
671464,9/30/2009,CENTER BANK,,0,,2198130,1.970806266,-0.435392908,-0.435392908,-0.746474609,-0.545040681,1.175460299,-0.722746445,0,,60,1,1
85043,6/30/2009,FIRST NATIONAL BANK,FIRST NATIONAL BANK,1,FAILURE,75838,-0.511996239,-0.408468151,-0.408468151,3.267653907,1.331516556,1.08276285,-1.928282436,1,1,36,0,1
139432,6/30/2012,HERITAGE BANK OF NORTH FLORIDA,HERITAGE BANK OF NORTH FLORIDA,1,FAILURE,126605,-0.134075926,-0.857743591,-0.857743591,-0.09101325,-1.041838603,-0.585791248,-0.52182378,1,1,48,0,1
694904,3/31/2014,NEW YORK COMMUNITY BANK,,0,,43894323,4.178847963,0.102800661,0.102800661,-1.00124135,0.024420021,0.341183251,1.487402872,0,,60,1,1
996260,9/30/2008,CHINATRUST BANK (U.S.A.),,0,,2606987,2.09660565,-0.283023714,-0.283023714,-1.086794181,-0.729727045,0.248485801,-2.86592154,0,,60,1,1
2171100,3/31/2011,FIDELITY BANK,FIDELITY BANK,1,FAILURE,896472,1.30939534,-0.216242209,-0.216242209,0.193198906,-0.462964628,0.89736795,0.348841103,1,1,43,0,1
2902041,6/30/2009,NEW LIBERTY BANK,NEW LIBERTY BANK,1,FAILURE,123258,-0.153833763,-0.946761253,-0.946761253,-1.374902362,-0.045731722,1.08276285,-1.928282436,1,1,36,0,1
1216022,12/31/2012,GE CAPITAL RETAIL BANK,,0,,30278916,3.905010016,1.998278533,1.998278533,8.558633909,0.70193308,-0.400396348,-0.387875336,0,,24,1,1
791474,6/30/2009,CF BANCORP,CF BANCORP,1,FAILURE,1922750,1.872098845,-2.000101394,-2.000101394,-0.690415946,-0.121448236,1.08276285,-1.928282436,1,1,36,0,1
740931,6/30/2008,"SILVERTON BANK, N.A.","SILVERTON BANK, NATIONAL ASSOCIATION",1,FAILURE,2904745,2.176360668,-0.504038372,-0.504038372,-0.869672079,0.625950786,0.155788351,-0.253926893,1,1,32,0,1
1456501,3/31/2002,MORGAN STANLEY BANK,,0,,2999982,2.200151148,0.198930322,0.198930322,-1.252917689,-5.377833441,1.268157749,-0.119978449,0,,60,1,1
84345,12/31/2008,CITIZENS STATE BANK,CITIZENS STATE BANK,1,FAILURE,199341,0.200683504,-2.765739189,-2.765739189,-0.591146233,-0.127600339,1.08276285,-1.928282436,1,1,34,0,1
436711,9/30/2014,"HUDSON VALLEY BANK, N.A.",,0,,3113803,2.22761251,-0.123732377,-0.123732377,-0.495589966,-0.646074065,0.155788351,0.482789546,0,,56,1,1
2704740,12/31/2013,"FRONTIER BANK, FSB DBA EL PASEO BANK","FRONTIER BANK, FSB",1,FAILURE,95203,-0.344292413,0.939378513,0.939378513,0.282070102,-9.356460945,0.341183251,1.487402872,1,1,10,0,1
642370,6/30/2008,COOPERATIVE BANK,COOPERATIVE BANK,1,FAILURE,973207,1.369961512,-0.292842321,-0.292842321,-0.795377713,-0.030854536,0.155788351,-0.253926893,1,1,32,0,1
3273823,9/30/2008,BRICKWELL COMMUNITY BANK,BRICKWELL COMMUNITY BANK,1,FAILURE,81562,-0.458336803,-1.233531049,-1.233531049,-0.282667678,0.251348849,0.248485801,-2.86592154,1,1,19,0,1
3284070,9/30/2014,ALLY BANK,,0,,100770791,4.79171165,0.164768532,0.164768532,-1.313577234,-0.315940115,0.155788351,0.482789546,0,,46,1,1
9807,9/30/2009,AMBOY BANK,,0,,2800382,2.149377724,0.294684012,0.294684012,-0.697583528,0.044270356,1.175460299,-0.722746445,0,,60,1,1
244907,6/30/2003,COMPASS BANK FOR SAVINGS,,0,,3984029,2.409354961,0.148546451,0.148546451,-0.559347877,2.011471455,0.433880701,0.951609098,0,,13,1,1
66837,3/31/2011,CENTRAL BANK OF GEORGIA,CENTRAL BANK OF GEORGIA,1,FAILURE,279548,0.450055769,-3.322517282,-3.322517282,-0.681973225,0.192925879,0.89736795,0.348841103,1,1,43,0,1
1160732,3/31/2009,SUN AMERICAN BANK,SUN AMERICAN BANK,1,FAILURE,601120,1.014658856,-1.49012204,-1.49012204,-1.500298362,0.014913878,1.08276285,-1.928282436,1,1,35,0,1
675332,9/30/2011,SUNTRUST BANK,,0,,166486046,5.161955484,-0.077336369,-0.077336369,-0.38212446,-0.166987405,0.155788351,-1.057617554,0,,60,1,1
2859574,9/30/2009,FIRST NATIONAL BANK OF THE SOUTH,FIRST NATIONAL BANK OF THE SOUTH,1,FAILURE,786443,1.212829263,-2.620101824,-2.620101824,-1.914095932,-1.008873165,1.175460299,-0.722746445,1,1,37,0,1
219138,12/31/2009,"GORDON BANK, THE",THE GORDON BANK,1,FAILURE,30620,-1.180819135,-3.899464771,-3.899464771,-1.744938457,-1.59896024,1.08276285,1.01858332,1,1,24,0,1
169653,9/30/2012,FIRST BANK,,0,,6477155,2.767744216,-0.010889727,-0.010889727,-0.614518323,-0.335870638,-0.771186147,0.080944216,0,,60,1,1
559777,6/30/2009,R-G PREMIER BANK OF PUERTO RICO,R-G PREMIER BANK OF PUERTO RICO,1,FAILURE,6428967,2.762237346,-1.74619542,-1.74619542,-0.954243848,-1.147691898,1.08276285,-1.928282436,1,1,36,0,1
3389434,9/30/2009,USA BANK,USA BANK,1,FAILURE,223155,0.283903933,-2.97536488,-2.97536488,-1.268950419,-0.486323447,1.175460299,-0.722746445,1,1,17,0,1
371915,3/31/2003,RELIANCE BANK,RELIANCE BANK,1,FAILURE,27536,-1.259105673,-1.65658945,-1.65658945,-0.940051648,0.100443232,0.433880701,0.951609098,1,1,11,0,1
2905604,3/31/2010,NORTH GEORGIA BANK,NORTH GEORGIA BANK,1,FAILURE,173635,0.098870713,-0.654968118,-0.654968118,-2.24945523,-0.766776075,1.08276285,1.01858332,1,1,39,0,1
3382921,3/31/2009,LIBERTYPOINTE BANK,LIBERTYPOINTE BANK,1,FAILURE,243791,0.349127041,-0.789201063,-0.789201063,-0.541815323,-0.727023515,1.08276285,-1.928282436,1,1,16,0,1
2608790,9/30/2008,"UNION BANK OF ARIZONA, NATIONAL ASSOCIATION","UNION BANK, NATIONAL ASSOCIATION",1,FAILURE,145816,-0.029894448,-0.718172017,-0.718172017,-0.840025966,0.512335396,0.248485801,-2.86592154,1,1,33,0,1
3437081,3/31/2009,CARSON RIVER COMMUNITY BANK,CARSON RIVER COMMUNITY BANK,1,FAILURE,53775,-0.765523066,-1.687141208,-1.687141208,-0.762864319,1.600435839,1.08276285,-1.928282436,1,1,12,0,1
454434,9/30/2009,"PEOPLES BANK, THE",THE PEOPLES BANK,1,FAILURE,470884,0.83458746,-2.34342322,-2.34342322,-1.246636561,-0.580274996,1.175460299,-0.722746445,1,1,37,0,1
392031,9/30/2009,COMMUNITY NATIONAL BANK AT BARTOW,COMMUNITY NATIONAL BANK AT BARTOW,1,FAILURE,75045,-0.519747931,-0.991424067,-0.991424067,-0.380840838,-0.942920651,1.175460299,-0.722746445,1,1,37,0,1
223238,9/30/2008,"JOHN WARNER BANK, THE",THE JOHN WARNER BANK,1,FAILURE,79751,-0.474895531,-0.255411245,-0.255411245,0.720179369,-1.053032434,0.248485801,-2.86592154,1,1,33,0,1
3322561,6/30/2008,METROPACIFIC BANK,METROPACIFIC BANK,1,FAILURE,67419,-0.59877332,-0.365785417,-0.365785417,-0.471502677,-0.0398329,0.155788351,-0.253926893,1,1,16,0,1
352772,12/31/2010,BANNER BANK,,0,,4188917,2.446336804,-0.702521,-0.702521,0.071955013,-0.78312539,0.89736795,0.348841103,0,,60,1,1
14409,6/30/2003,CITIZENS BANK OF MASSACHUSETTS,,0,,24958446,3.762506619,0.167092865,0.167092865,-0.296509971,0.127155091,0.433880701,0.951609098,0,,25,1,1
343341,12/31/2008,INDEPENDENT BANKERS' BANK,INDEPENDENT BANKERS' BANK,1,FAILURE,612302,1.028250737,-4.462766548,-4.462766548,-0.593216292,0.24016185,1.08276285,-1.928282436,1,1,34,0,1
1165531,9/30/2008,COMMUNITY NATIONAL BANK OF SARASOTA COUNTY,COMMUNITY NATIONAL BANK OF SARASOTA COUNTY,1,FAILURE,103598,-0.281973462,-1.738123577,-1.738123577,-0.080126712,-0.177161942,0.248485801,-2.86592154,1,1,33,0,1
759540,3/31/2015,NORTH MILWAUKEE STATE BANK,NORTH MILWAUKEE STATE BANK,1,FAILURE,78570,-0.485897719,-0.618509185,-0.618509185,-0.284428602,0.315025935,0.433880701,0.348841103,1,1,59,0,1
722777,6/30/2013,"SOVEREIGN BANK, NATIONAL ASSOCIATION",,0,,76431227,4.587839661,-0.071206661,-0.071206661,-1.174704878,-0.784935027,-0.400396348,-0.387875336,0,,16,1,1
2797724,9/30/2013,TOWNEBANK,,0,,4570927,2.510696435,0.061369654,0.061369654,-0.3827804,-0.285639515,0.341183251,1.42042865,0,,60,1,1
184937,3/31/2009,COMMUNITY BANK & TRUST,COMMUNITY BANK & TRUST,1,FAILURE,1272478,1.567688708,-0.511480794,-0.511480794,-1.039571998,-0.260315673,1.08276285,-1.928282436,1,1,35,0,1
980661,9/30/2011,FIRST HAWAIIAN BANK,,0,,15364128,3.404715367,0.209119917,0.209119917,-0.267516513,0.246581765,0.155788351,-1.057617554,0,,60,1,1
3379819,12/31/2008,COMMERCE BANK OF SOUTHWEST FLORIDA,COMMERCE BANK OF SOUTHWEST FLORIDA,1,FAILURE,77381,-0.497142779,-1.084532576,-1.084532576,-1.141528872,0.914804887,1.08276285,-1.928282436,1,1,16,0,1
264941,12/31/2008,BANK OF ELMWOOD,BANK OF ELMWOOD,1,FAILURE,342184,0.599148417,-5.455307361,-5.455307361,-0.365000806,-1.069465884,1.08276285,-1.928282436,1,1,34,0,1
816210,12/31/2008,BANCO SANTANDER PUERTO RICO,,0,,7724708,2.89763974,-0.395917167,-0.395917167,-0.286890221,-0.59137677,1.08276285,-1.928282436,0,,60,1,1
817824,9/30/2012,"PNC BANK, NATIONAL ASSOCIATION",,0,,292503471,5.577553721,0.154656506,0.154656506,-0.225599817,-0.189629669,-0.771186147,0.080944216,0,,60,1,1
181851,3/31/2008,"TEAMBANK, NATIONAL ASSOCIATION","TEAMBANK, N.A.",1,FAILURE,704541,1.131729689,-0.234870069,-0.234870069,-0.300136577,0.043142365,0.155788351,-0.253926893,1,1,31,0,1
131360,12/31/2002,FIRST REPUBLIC BANK,,0,,4861575,2.556157289,-0.05972781,-0.05972781,-0.282596267,-0.004481723,0.433880701,0.951609098,0,,25,1,1
210434,9/30/2014,"NORTHERN TRUST COMPANY, THE",,0,,110796209,4.861653899,0.001004875,0.001004875,-2.185338284,0.394543681,0.155788351,0.482789546,0,,60,1,1
146672,6/30/2013,"FLAGSTAR BANK, FSB",,0,,12720666,3.265480194,0.552321406,0.552321406,-1.663116387,-0.575119435,-0.400396348,-0.387875336,0,,16,1,1
547279,9/30/2009,"COWLITZ BANK, THE",THE COWLITZ BANK,1,FAILURE,577835,0.985525189,-1.262289474,-1.262289474,-0.852869256,-0.263635433,1.175460299,-0.722746445,1,1,37,0,1
3303298,3/31/2013,"RBS CITIZENS, NATIONAL ASSOCIATION",,0,,105114761,4.822834908,-0.049875234,-0.049875234,-0.890204154,-0.184034598,-0.400396348,-0.387875336,0,,43,1,1
811046,6/30/2009,"BANKERS TRUST COMPANY, NATIONAL ASSOCIATION",,0,,2492072,2.063361144,-0.126573485,-0.126573485,-0.674610653,-0.272124976,1.08276285,-1.928282436,0,,60,1,1
754433,9/30/2008,MUTUAL BANK,MUTUAL BANK,1,FAILURE,1678284,1.77181767,-0.643668492,-0.643668492,-1.035649795,-0.368638579,0.248485801,-2.86592154,1,1,33,0,1
92630,3/31/2009,FLORIDA COMMUNITY BANK,FLORIDA COMMUNITY BANK,1,FAILURE,957463,1.357933986,-1.325739577,-1.325739577,-2.302879853,-0.181590327,1.08276285,-1.928282436,1,1,35,0,1
770367,6/30/2008,COMMUNITY BANK,,0,,2301869,2.004813103,0.076640807,0.076640807,-0.154581821,0.598013222,0.155788351,-0.253926893,0,,60,1,1
1401529,3/31/2002,FIRST NATIONAL BANK OF FLORIDA,,0,,2527101,2.073654625,-0.000845075,-0.000845075,0.17177146,1.50893935,1.268157749,-0.119978449,0,,15,1,1
785062,12/31/2002,"PACIFIC CAPITAL BANK, NATIONAL ASSOCIATION",,0,,4210539,2.450133495,0.070764732,0.070764732,0.785007318,0.238192573,0.433880701,0.951609098,0,,46,1,1
2636083,12/31/2009,PARAMOUNT BANK,PARAMOUNT BANK,1,FAILURE,288263,0.472694774,-2.562198436,-2.562198436,-0.67853629,0.107507676,1.08276285,1.01858332,1,1,38,0,1
2998660,3/31/2012,1ST REGENTS BANK,1ST REGENTS BANK,1,FAILURE,56189,-0.733140134,-0.978807916,-0.978807916,-0.513620412,-1.70437654,-0.585791248,-0.52182378,1,1,46,0,1
361457,6/30/2008,FIRST NATIONAL BANK OF ANTHONY,FIRST NATIONAL BANK OF ANTHONY,1,FAILURE,176984,0.112958817,-1.378372878,-1.378372878,-0.258309545,0.331795495,0.155788351,-0.253926893,1,1,32,0,1
2352507,9/30/2008,BANKFIRST,BANKFIRST,1,FAILURE,319968,0.549645492,-4.521699214,-4.521699214,-2.408794292,-1.257232022,0.248485801,-2.86592154,1,1,33,0,1
934329,12/31/2008,"BNY MELLON, NATIONAL ASSOCIATION",,0,,7557194,2.881471947,-1.787024419,-1.787024419,-1.283901547,-0.469227206,1.08276285,-1.928282436,0,,60,1,1
3302451,6/30/2008,CITIZENS COMMUNITY BANK,CITIZENS COMMUNITY BANK,1,FAILURE,46405,-0.874223543,-1.544660706,-1.544660706,-2.135630896,-0.059602921,0.155788351,-0.253926893,1,1,16,0,1
3465244,12/31/2008,HILLCREST BANK FLORIDA,HILLCREST BANK FLORIDA,1,FAILURE,104563,-0.275136066,-5.056611372,-5.056611372,-1.712661955,-1.940652908,1.08276285,-1.928282436,1,1,12,0,1
404747,6/30/2002,"BANK ONE, KENTUCKY, NATIONAL ASSOCIATION",,0,,5746516,2.67948118,-0.139628037,-0.139628037,-1.738676771,0.407986051,1.268157749,-0.119978449,0,,8,1,1
455534,3/31/2003,LASALLE BANK NATIONAL ASSOCIATION,,0,,60497246,4.415429805,0.00897992,0.00897992,-0.775191065,0.418328023,0.433880701,0.951609098,0,,30,1,1
2534086,12/31/2010,DECATUR FIRST BANK,DECATUR FIRST BANK,1,FAILURE,197785,0.194904631,-1.446423191,-1.446423191,-0.963687995,-1.035378809,0.89736795,0.348841103,1,1,42,0,1
1397190,6/30/2007,FIRST NATIONAL BANK OF ARIZONA,,0,,2797030,2.148494488,-1.071264663,-1.071264663,1.219916105,-0.081268464,-1.976252995,0.482789546,0,,28,1,1
968605,3/31/2008,BANK OF TOKYO-MITSUBISHI UFJ TRUST COMPANY,,0,,4303451,2.466229407,-0.383039831,-0.383039831,-1.028293472,-0.018572236,0.155788351,-0.253926893,0,,43,1,1
621432,3/31/2008,HERITAGE COMMUNITY BANK,HERITAGE COMMUNITY BANK,1,FAILURE,296625,0.493782352,-0.533171279,-0.533171279,-0.387320995,-0.29520635,0.155788351,-0.253926893,1,1,31,0,1
3130999,12/31/2010,COMMUNITY CAPITAL BANK,COMMUNITY CAPITAL BANK,1,FAILURE,192001,0.173017261,-4.345727036,-4.345727036,-1.053356376,-0.629466719,0.89736795,0.348841103,1,1,36,0,1
2729604,12/31/2013,NORTHERN STAR BANK,NORTHERN STAR BANK,1,FAILURE,20709,-1.469222828,-1.154507182,-1.154507182,0.459774882,-1.781741572,0.341183251,1.487402872,1,1,54,0,1
3102530,3/31/2008,PINNACLE BANK,PINNACLE BANK,1,FAILURE,91861,-0.370644929,-0.267764246,-0.267764246,-0.552568523,0.475118791,0.155788351,-0.253926893,1,1,24,0,1
888002,9/30/2014,MIDDLESEX SAVINGS BANK,,0,,4213655,2.450679038,-0.01189476,-0.01189476,-0.809455926,0.142870498,0.155788351,0.482789546,0,,60,1,1
3357899,9/30/2013,EASTSIDE COMMERCIAL BANK,EASTSIDE COMMERCIAL BANK,1,FAILURE,179518,0.123442445,-0.228018687,-0.228018687,-1.018268511,-0.024737183,0.341183251,1.42042865,1,1,34,0,1
818625,12/31/2002,FARMERS AND MERCHANTS BANK & TRUST,,0,,811448,1.235911336,0.085719628,0.085719628,0.032272899,-0.282083609,0.433880701,0.951609098,0,,30,1,1
499239,3/31/2008,FIRSTCITY BANK,FIRSTCITY BANK,1,FAILURE,255043,0.382401193,-1.426665309,-1.426665309,-2.235961029,-0.313676842,0.155788351,-0.253926893,1,1,31,0,1
3172038,9/30/2008,SECURITY BANK OF GWINNETT COUNTY,SECURITY BANK OF GWINNETT COUNTY,1,FAILURE,362778,0.642246528,-2.700197593,-2.700197593,-2.970277444,-0.441010493,0.248485801,-2.86592154,1,1,25,0,1
850036,6/30/2007,FIRST AMERICAN BANK,,0,,2597036,2.093785399,0.032822406,0.032822406,-0.160891296,0.404422331,-1.976252995,0.482789546,0,,60,1,1
124773,6/30/2010,SUMMIT BANK,SUMMIT BANK,1,FAILURE,156856,0.023926233,-2.790301097,-2.790301097,0.571375872,0.028498053,1.08276285,1.01858332,1,1,40,0,1
1917301,9/30/2007,LAKE FOREST BANK & TRUST COMPANY,,0,,1403628,1.640027739,0.446801199,0.446801199,-0.237634884,-0.505425186,-1.698160646,0.214892659,0,,60,1,1
671576,3/31/2014,DORAL BANK,DORAL BANK,1,FAILURE,7823487,2.907009968,-0.819533485,-0.819533485,-0.532997287,-0.456406633,0.341183251,1.487402872,1,1,55,0,1
506922,6/30/2013,SANDY SPRING BANK,,0,,4069572,2.425021402,0.17321652,0.17321652,-0.484285892,0.213873018,-0.400396348,-0.387875336,0,,60,1,1
2017570,6/30/2013,GE CAPITAL BANK,,0,,15260717,3.399735083,0.355638787,0.355638787,-0.045678271,0.24833896,-0.400396348,-0.387875336,0,,60,1,1
2203355,6/30/2007,ANB FINANCIAL NATIONAL ASSOCIATION,ANB FINANCIAL NATIONAL ASSOCIATION,1,FAILURE,1950543,1.882682171,0.599904683,0.599904683,1.242447546,0.955517414,-1.976252995,0.482789546,1,1,28,0,1
104038,6/30/2010,"PARK AVENUE BANK, THE",THE PARK AVENUE BANK,1,FAILURE,1111667,1.468055836,-3.027660336,-3.027660336,-1.494217099,-1.786268285,1.08276285,1.01858332,1,1,40,0,1
2906311,6/30/2008,NEIGHBORHOOD COMMUNITY BANK,NEIGHBORHOOD COMMUNITY BANK,1,FAILURE,240062,0.337760006,-0.774373959,-0.774373959,-1.648772349,-0.190975433,0.155788351,-0.253926893,1,1,32,0,1
2435615,9/30/2009,RAVENSWOOD BANK,RAVENSWOOD BANK,1,FAILURE,324973,0.561091458,-0.70055782,-0.70055782,-1.955351165,-0.541391915,1.175460299,-0.722746445,1,1,37,0,1
587574,6/30/2009,ARCOLA HOMESTEAD SAVINGS BANK,ARCOLA HOMESTEAD SAVINGS BANK,1,FAILURE,18468,-1.553681584,0.092675152,0.092675152,-0.028867696,0.756008627,1.08276285,-1.928282436,1,1,36,0,1
398350,3/31/2012,"STILLWATER NATIONAL BANK AND TRUST COMPANY, THE",,0,,1936031,1.877175084,0.113669658,0.113669658,0.276025411,-0.891569054,-0.585791248,-0.52182378,0,,60,1,1
1191446,9/30/2009,SONOMA VALLEY BANK,SONOMA VALLEY BANK,1,FAILURE,335073,0.583661934,-8.539307296,-8.539307296,0.574212958,-0.481325872,1.175460299,-0.722746445,1,1,37,0,1
212465,9/30/2011,"UNION BANK, NATIONAL ASSOCIATION",,0,,83539498,4.653419326,0.012068782,0.012068782,-0.557858718,0.373791578,0.155788351,-1.057617554,0,,60,1,1
852218,6/30/2003,JPMORGAN CHASE BANK,,0,,661427000,6.179252152,0.081608179,0.081608179,-1.716121854,0.547682624,0.433880701,0.951609098,0,,60,1,1
54357,3/31/2010,"FIRST STATE BANK, THE",THE FIRST STATE BANK,1,FAILURE,39586,-0.99142693,0.602429282,0.602429282,1.637783402,0.160361819,1.08276285,1.01858332,1,1,39,0,1
2967349,12/31/2012,LIBERTY BANK OF ARKANSAS,,0,,2825501,2.155963003,-0.022920919,-0.022920919,-0.282596651,-0.091671744,-0.400396348,-0.387875336,0,,50,1,1
3384318,6/30/2010,STATE BANK AND TRUST COMPANY,,0,,2597324,2.093867174,0.269510577,0.269510577,0.774023018,-0.084095947,1.08276285,1.01858332,0,,41,1,1
2713582,3/31/2010,CANYON NATIONAL BANK,CANYON NATIONAL BANK,1,FAILURE,247469,0.360169558,-0.657224719,-0.657224719,0.274098094,-0.07699066,1.08276285,1.01858332,1,1,39,0,1
1158832,9/30/2009,PACIFIC STATE BANK,PACIFIC STATE BANK,1,FAILURE,384616,0.685353404,-3.121436773,-3.121436773,-0.24640456,-0.802779866,1.175460299,-0.722746445,1,1,37,0,1
590855,9/30/2012,COMMUNITY SOUTH BANK,COMMUNITY SOUTH BANK,1,FAILURE,471323,0.835274652,-2.269617621,-2.269617621,-0.469652092,-0.917408341,-0.771186147,0.080944216,1,1,49,0,1
687009,3/31/2015,LAKELAND BANK,,0,,3621046,2.338906332,0.072358161,0.072358161,-0.371013257,0.089553881,0.433880701,0.348841103,0,,60,1,1
764030,12/31/2009,AMERIS BANK,,0,,2422345,2.042433624,-2.592218433,-2.592218433,-0.251477952,0.795779805,1.08276285,1.01858332,0,,60,1,1
61533,6/30/2009,PENINSULA BANK,PENINSULA BANK,1,FAILURE,637938,1.058497395,-3.202003091,-3.202003091,-2.824440642,-0.078686385,1.08276285,-1.928282436,1,1,36,0,1
1450620,6/30/2009,WASHINGTON FIRST INTERNATIONAL BANK,WASHINGTON FIRST INTERNATIONAL BANK,1,FAILURE,643749,1.065184398,-1.272283066,-1.272283066,-1.843124825,-0.54328079,1.08276285,-1.928282436,1,1,36,0,1
961624,6/30/2012,"DOLLAR BANK, A FEDERAL SAVINGS BANK",,0,,6556861,2.77676362,-0.038478089,-0.038478089,-0.63422935,-0.020865524,-0.585791248,-0.52182378,0,,16,1,1
1407530,9/30/2011,FIRST CHEROKEE STATE BANK,FIRST CHEROKEE STATE BANK,1,FAILURE,244259,0.35054134,-2.25455562,-2.25455562,-0.84185468,-0.205351513,0.155788351,-1.057617554,1,1,45,0,1
473501,6/30/2012,BERKSHIRE BANK,,0,,4479401,2.495780358,0.007093136,0.007093136,-0.396477587,1.130781719,-0.585791248,-0.52182378,0,,60,1,1
938840,6/30/2009,"AMCORE BANK, NATIONAL ASSOCIATION","AMCORE BANK, NATIONAL ASSOCIATION",1,FAILURE,4875326,2.558240213,-0.556871537,-0.556871537,-1.650317508,-1.277941507,1.08276285,-1.928282436,1,1,36,0,1
58971,6/30/2007,WASHINGTON TRUST BANK,,0,,3552080,2.324725569,0.300942119,0.300942119,0.452241389,-0.017490134,-1.976252995,0.482789546,0,,60,1,1
859712,3/31/2014,RIDGEWOOD SAVINGS BANK,,0,,5156227,2.59955051,-0.140333995,-0.140333995,-1.292560088,-0.162441959,0.341183251,1.487402872,0,,60,1,1
423355,3/31/2002,"UNION PLANTERS BANK, NATIONAL ASSOCIATION",,0,,31173930,3.926492188,0.332745465,0.332745465,0.419818437,-0.657488647,1.268157749,-0.119978449,0,,16,1,1
1176881,3/31/2015,"BEAL BANK, SSB",,0,,2069034,1.926172282,1.398060979,1.398060979,1.754026074,-0.324303617,0.433880701,0.348841103,0,,52,1,1
1908082,3/31/2009,BANK OF NORTH CAROLINA,,0,,1588881,1.731448566,-0.126933053,-0.126933053,-0.922308305,-0.085954209,1.08276285,-1.928282436,0,,60,1,1
558257,9/30/2008,BANK OF WYOMING,BANK OF WYOMING,1,FAILURE,116745,-0.193867921,-0.394935287,-0.394935287,-0.164727859,-0.047849414,0.248485801,-2.86592154,1,1,33,0,1
3369940,12/31/2009,FIRST SOUTHERN BANK,FIRST SOUTHERN BANK,1,FAILURE,128108,-0.125372854,-0.537960479,-0.537960479,-0.355259565,0.618735659,1.08276285,1.01858332,1,1,20,0,1
2522681,9/30/2008,TEMECULA VALLEY BANK,TEMECULA VALLEY BANK,1,FAILURE,1510995,1.694383383,-0.572973461,-0.572973461,-0.176152421,0.192417605,0.248485801,-2.86592154,1,1,33,0,1
137915,9/30/2013,EMIGRANT BANK,,0,,6646215,2.786745334,-0.035992777,-0.035992777,0.025032657,-1.175133835,0.341183251,1.42042865,0,,60,1,1
517900,9/30/2013,"FIRST NIAGARA BANK, NATIONAL ASSOCIATION",,0,,37314587,4.059086394,0.082886355,0.082886355,-0.427089473,-0.14679517,0.341183251,1.42042865,0,,30,1,1
2769383,3/31/2008,BANK OF CLARK COUNTY,BANK OF CLARK COUNTY,1,FAILURE,427533,0.763364797,-0.16162509,-0.16162509,0.276508306,0.491311828,0.155788351,-0.253926893,1,1,31,0,1
3311181,12/31/2008,AMERICAN UNITED BANK,AMERICAN UNITED BANK,1,FAILURE,118737,-0.181391166,-2.471197028,-2.471197028,-2.148022762,-0.166654811,1.08276285,-1.928282436,1,1,18,0,1
3640283,3/31/2015,GRANDPOINT BANK,,0,,2789782,2.146581052,0.107164222,0.107164222,-0.021345915,-0.039902686,0.433880701,0.348841103,0,,33,1,1
871769,6/30/2012,FARMERS AND MERCHANTS BANK OF LONG BEACH,,0,,4779863,2.543657172,0.242364694,0.242364694,-0.15331855,-0.19135193,-0.585791248,-0.52182378,0,,60,1,1
853952,9/30/2012,"CENTRAL TRUST BANK, THE",,0,,2225549,1.979948097,0.152010901,0.152010901,-1.205846134,-0.409498,-0.771186147,0.080944216,0,,60,1,1
197478,9/30/2010,EAST WEST BANK,,0,,20393597,3.613549136,0.071817073,0.071817073,0.031477033,0.088015199,0.341183251,0.214892659,0,,60,1,1
2735146,6/30/2015,EVERBANK,,0,,24117414,3.737228382,-0.009493507,-0.009493507,-0.656542193,0.186413874,0.433880701,0.348841103,0,,16,1,1
942874,3/31/2009,EVERGREENBANK,EVERGREEN BANK,1,FAILURE,488446,0.861590591,-0.181923308,-0.181923308,-0.595134669,0.49309898,1.08276285,-1.928282436,1,1,35,0,1
601050,3/31/2002,"COMMERCE BANK, NATIONAL ASSOCIATION",,0,,10292529,3.109282239,0.318304792,0.318304792,0.233531611,-0.959008042,1.268157749,-0.119978449,0,,60,1,1
633837,6/30/2010,HERITAGE BANKING GROUP,HERITAGE BANKING GROUP,1,FAILURE,238552,0.333106796,-0.272715887,-0.272715887,-0.519962072,-1.107318032,1.08276285,1.01858332,1,1,40,0,1
2508126,12/31/2007,FIRST GEORGIA COMMUNITY BANK,FIRST GEORGIA COMMUNITY BANK,1,FAILURE,285249,0.464943655,-7.05599423,-7.05599423,-1.183106602,-1.160449287,0.155788351,-0.253926893,1,1,30,0,1
270335,3/31/2010,HABERSHAM BANK,HABERSHAM BANK,1,FAILURE,436189,0.778146261,-1.111188175,-1.111188175,-1.154895045,-0.788565416,1.08276285,1.01858332,1,1,39,0,1
2068134,6/30/2008,GREAT BASIN BANK OF NEVADA,GREAT BASIN BANK OF NEVADA,1,FAILURE,281916,0.456276221,0.021203938,0.021203938,0.448064318,0.574238472,0.155788351,-0.253926893,1,1,32,0,1
152235,6/30/2010,BARTOW COUNTY BANK,BARTOW COUNTY BANK,1,FAILURE,379911,0.676276621,-1.384858856,-1.384858856,-1.49705564,-1.266741329,1.08276285,1.01858332,1,1,40,0,1
2867056,6/30/2012,"BANK OF AMERICA OREGON, NATIONAL ASSOCIATION",,1,,13940581,3.333012584,0.389658697,0.389658697,-0.443044121,3.016741226,-0.585791248,-0.52182378,0,,48,0,1
872159,12/31/2002,"BANK ONE, OKLAHOMA, NATIONAL ASSOCIATION",,0,,3307557,2.27212841,-0.122443296,-0.122443296,-1.662568714,2.227055197,-0.493093798,-0.186952671,0,,8,1,1
836151,9/30/2011,GLASGOW SAVINGS BANK,GLASGOW SAVINGS BANK,1,FAILURE,25561,-1.313991117,-2.776138125,-2.776138125,0.551613043,-1.765469271,0.155788351,-1.057617554,1,1,45,0,1
93721,6/30/2013,"FIRST CITIZENS BANK AND TRUST COMPANY, INC.",,0,,8223389,2.943773113,0.016616085,0.016616085,-0.918463903,-0.386797049,-0.400396348,-0.387875336,0,,55,1,1
152048,9/30/2008,"FIRST STATE BANK OF WINCHESTER, ILLINOIS, THE",THE FIRST STATE BANK OF WINCHESTER,1,FAILURE,33937,-1.104971088,0.726821664,0.726821664,0.521522904,-1.160320801,0.248485801,-2.86592154,1,1,33,0,1
669443,12/31/2011,CITIZENS FIRST NATIONAL BANK,CITIZENS FIRST NATIONAL BANK,1,FAILURE,1014075,1.400296566,-5.25468567,-5.25468567,-0.177639477,-0.908884123,-0.585791248,-0.52182378,1,1,46,0,1
42420,3/31/2010,FIRST COMMONWEALTH BANK,,0,,6281391,2.745112088,-0.513247873,-0.513247873,-0.143853313,-0.433165742,1.08276285,1.01858332,0,,60,1,1
919308,6/30/2002,HUDSON UNITED BANK,,0,,7469699,2.872884212,0.286343925,0.286343925,1.020863592,0.843540389,1.268157749,-0.119978449,0,,19,1,1
2802945,9/30/2011,FIRST COMMERCIAL BANK,FIRST COMMERCIAL BANK,1,FAILURE,238639,0.333375693,-1.860999109,-1.860999109,-0.546968039,-0.661115119,0.155788351,-1.057617554,1,1,45,0,1
2796295,6/30/2008,STRATEGIC CAPITAL BANK,STRATEGIC CAPITAL BANK,1,FAILURE,672889,1.097832185,-0.157971673,-0.157971673,-0.428157089,0.474844652,0.155788351,-0.253926893,1,1,32,0,1
91969,12/31/2008,SAN JOAQUIN BANK,SAN JOAQUIN BANK,1,FAILURE,934846,1.340305165,-0.010269454,-0.010269454,-0.047418955,0.436502689,1.08276285,-1.928282436,1,1,34,0,1
370271,3/31/2013,E*TRADE BANK,,0,,43514507,4.17243911,-0.072820284,-0.072820284,-1.161761531,-0.856006093,-0.400396348,-0.387875336,0,,16,1,1
2980209,3/31/2008,BARCLAYS BANK DELAWARE,,0,,7125125,2.838056576,0.355513742,0.355513742,5.845987651,-0.830118945,0.155788351,-0.253926893,0,,57,1,1
3564286,3/31/2013,VANTAGE POINT BANK,VANTAGE POINT BANK,1,FAILURE,80621,-0.46689434,-0.868529468,-0.868529468,-0.78816505,-0.214868068,-0.400396348,-0.387875336,1,1,23,0,1
730754,6/30/2009,ACCESS BANK,ACCESS BANK,1,FAILURE,37462,-1.032095869,-4.236771703,-4.236771703,-0.114026882,-0.500847454,1.08276285,-1.928282436,1,1,36,0,1
921833,6/30/2013,VALLEY BANK,VALLEY BANK,1,FAILURE,94351,-0.350921736,-1.748159787,-1.748159787,-1.16571637,-1.327294053,-0.400396348,-0.387875336,1,1,52,0,1
1219591,9/30/2008,FIRST STATE BANK,FIRST STATE BANK,1,FAILURE,477819,0.845369069,-1.287958693,-1.287958693,-0.798859144,-0.04510236,0.248485801,-2.86592154,1,1,33,0,1
3150447,9/30/2012,CHARLES SCHWAB BANK,,0,,75341000,4.577244886,0.024617917,0.024617917,-1.62288293,0.314464548,-0.771186147,0.080944216,0,,34,1,1
3394278,6/30/2011,SALLIE MAE BANK,,0,,6524497,2.773114653,0.920254755,0.920254755,1.555864296,-1.86613814,0.89736795,0.348841103,0,,41,1,1
983448,9/30/2009,M&I MARSHALL & ILSLEY BANK,,0,,51571329,4.297710005,-0.884882678,-0.884882678,-0.810788652,-0.561344832,1.175460299,-0.722746445,0,,41,1,1
4041421,9/30/2011,"FLORIDA COMMUNITY BANK, NATIONAL ASSOCIATION",,0,,3494665,2.312708292,-0.590016096,-0.590016096,-0.833077228,1.11841715,0.155788351,-1.057617554,0,,24,1,1
744144,6/30/2009,PEOTONE BANK AND TRUST COMPANY,PEOTONE BANK AND TRUST COMPANY,1,FAILURE,152470,0.003012047,-1.478987331,-1.478987331,-0.845083136,-0.065924002,1.08276285,-1.928282436,1,1,36,0,1
284819,12/31/2002,"HARLEYSVILLE NATIONAL BANK AND TRUST COMPANY, THE",,0,,1786309,1.817819223,0.204951312,0.204951312,-0.524054777,-0.137947137,0.433880701,0.951609098,0,,36,1,1
978051,3/31/2009,"MARSHALL BANK, NATIONAL ASSOCIATION","MARSHALL BANK, NATIONAL ASSOCIATION",1,FAILURE,65828,-0.616384686,-1.457946107,-1.457946107,-0.84437698,-1.016497322,1.08276285,-1.928282436,1,1,35,0,1
633501,3/31/2010,ROCKVILLE BANK,,0,,1560496,1.718155178,0.003191857,0.003191857,-0.202780872,-0.298022718,1.08276285,1.01858332,0,,60,1,1
2397713,3/31/2010,VALLEY COMMUNITY BANK,VALLEY COMMUNITY BANK,1,FAILURE,154101,0.01085874,-1.059200599,-1.059200599,-1.184732271,-0.24644844,1.08276285,1.01858332,1,1,39,0,1
708137,9/30/2008,SECURITY BANK OF HOUSTON COUNTY,SECURITY BANK OF HOUSTON COUNTY,1,FAILURE,351787,0.619558886,-0.157644197,-0.157644197,-0.732739379,0.194754244,0.248485801,-2.86592154,1,1,33,0,1
418342,12/31/2008,BENCHMARK BANK,BENCHMARK BANK,1,FAILURE,216318,0.260956819,-4.995461377,-4.995461377,-0.8693229,-0.457502361,1.08276285,-1.928282436,1,1,34,0,1
991340,6/30/2013,1ST SOURCE BANK,,0,,4627064,2.519698067,0.186162274,0.186162274,-0.147545635,-2.63E-05,-0.400396348,-0.387875336,0,,60,1,1
3048067,3/31/2009,PREMIER AMERICAN BANK,PREMIER AMERICAN BANK,1,FAILURE,381073,0.678528736,-1.407488041,-1.407488041,-1.695198232,-0.033782234,1.08276285,-1.928282436,1,1,32,0,1
1363270,6/30/2003,"FIRST AMERICAN BANK, SSB",,0,,3267212,2.263077873,0.136327735,0.136327735,0.172944958,-0.016701995,0.433880701,0.951609098,0,,22,1,1
256722,6/30/2002,ALLFIRST BANK,,0,,16247837,3.445956502,-0.009850822,-0.009850822,-0.344902246,-0.636940185,1.268157749,-0.119978449,0,,8,1,1
215130,12/31/2013,"NATIONAL REPUBLIC BANK OF CHICAGO, THE",THE NATIONAL REPUBLIC BANK OF CHICAGO,1,FAILURE,1035257,1.415541648,-7.45541315,-7.45541315,-2.299021209,-1.201524155,0.341183251,1.487402872,1,1,54,0,1
23241,9/30/2010,INTEGRA BANK NATIONAL ASSOCIATION,INTEGRA BANK NATIONAL ASSOCIATION,1,FAILURE,2621019,2.100564273,-1.134446755,-1.134446755,-1.439117668,-1.86881581,0.341183251,0.214892659,1,1,41,0,1
156877,6/30/2009,"BUTLER BANK, A CO-OPERATIVE BANK",BUTLER BANK,1,FAILURE,293071,0.484893326,-2.753867024,-2.753867024,-1.505128213,-1.206487165,1.08276285,-1.928282436,1,1,36,0,1
3293746,12/31/2011,HOMETOWN COMMUNITY BANK,HOMETOWN COMMUNITYBANK,1,FAILURE,136203,-0.08018756,-0.720065822,-0.720065822,-1.950897824,-0.506856455,-0.585791248,-0.52182378,1,1,28,0,1
2992547,12/31/2014,"JOHN DEERE FINANCIAL, F.S.B.",,0,,1814874,1.829518467,1.305025243,1.305025243,4.282407732,-5.259920104,0.433880701,0.348841103,0,,16,1,1
770433,9/30/2010,HIGH TRUST BANK,HIGH TRUST BANK,1,FAILURE,199315,0.200587313,-1.27562687,-1.27562687,-1.531980291,-0.584775428,0.341183251,0.214892659,1,1,41,0,1
509950,12/31/2013,FIRST UNITED BANK AND TRUST COMPANY,,0,,2378157,2.028857068,0.19758963,0.19758963,-0.282203189,0.222697013,0.341183251,1.487402872,0,,60,1,1
651411,3/31/2002,"BANK ONE, NATIONAL ASSOCIATION",,0,,45618000,4.207252414,0.132807637,0.132807637,1.121085787,0.299109729,1.268157749,-0.119978449,0,,14,1,1
702117,3/31/2011,"NBT BANK, NATIONAL ASSOCIATION",,0,,5440789,2.639165303,0.105430822,0.105430822,0.038300316,0.101665422,0.89736795,0.348841103,0,,60,1,1
881478,3/31/2011,HERITAGE BANK,,0,,1174315,1.508485749,-0.180700994,-0.180700994,0.868869167,-0.538052932,0.89736795,0.348841103,0,,60,1,1
316738,3/31/2003,GUARANTY NATIONAL BANK OF TALLAHASSEE,GUARANTY NATIONAL BANK,1,FAILURE,86900,-0.411586795,-1.445388527,-1.445388527,-0.859494033,-1.960716227,0.433880701,0.951609098,1,1,11,0,1
2912367,6/30/2009,1ST PACIFIC BANK OF CALIFORNIA,1ST PACIFIC BANK OF CALIFORNIA,1,FAILURE,419407,0.74921347,-0.562946771,-0.562946771,0.039278218,-1.147791653,1.08276285,-1.928282436,1,1,36,0,1
2916365,6/30/2008,SOUTHERN COMMUNITY BANK,SOUTHERN COMMUNITY BANK,1,FAILURE,378117,0.672786041,-0.687811858,-0.687811858,-1.767575052,0.007808802,0.155788351,-0.253926893,1,1,32,0,1
324902,6/30/2002,MERRILL LYNCH BANK & TRUST COMPANY,,0,,14517429,3.362912916,0.65435169,0.65435169,-1.766699792,-0.693290465,1.268157749,-0.119978449,0,,21,1,1
317342,6/30/2015,STOCK YARDS BANK & TRUST COMPANY,,0,,2479934,2.059760535,0.280887547,0.280887547,-0.093260034,-0.369991057,0.433880701,0.348841103,0,,60,1,1
814430,9/30/2007,CITY NATIONAL BANK OF FLORIDA,,0,,2676966,2.116139769,0.415709307,0.415709307,0.34588287,-0.372980262,-1.698160646,0.214892659,0,,60,1,1
316840,6/30/2015,REPUBLIC BANK & TRUST COMPANY,,0,,4063592,2.423936973,0.033894034,0.033894034,-0.42113996,0.134701269,0.433880701,0.348841103,0,,60,1,1
2722922,6/30/2009,LAKESIDE COMMUNITY BANK,LAKESIDE COMMUNITY BANK,1,FAILURE,68390,-0.58822805,-1.495863353,-1.495863353,-1.044134053,0.169608531,1.08276285,-1.928282436,1,1,36,0,1
2804284,6/30/2009,SATILLA COMMUNITY BANK,SATILLA COMMUNITY BANK,1,FAILURE,184664,0.144284468,-0.678789461,-0.678789461,-1.829374296,1.716091396,1.08276285,-1.928282436,1,1,33,0,1
391249,3/31/2008,CORN BELT BANK AND TRUST COMPANY,CORN BELT BANK AND TRUST COMPANY,1,FAILURE,338733,0.591673366,-0.192397553,-0.192397553,-0.91541186,-0.154793792,0.155788351,-0.253926893,1,1,31,0,1
4160667,6/30/2011,"CAPITAL BANK, NATIONAL ASSOCIATION",,0,,4509685,2.500749244,-0.123895465,-0.123895465,1.591452437,9.147865243,0.89736795,0.348841103,0,,22,1,1
1396652,3/31/2002,CITRUS BANK,,0,,804795,1.229840158,-0.163683436,-0.163683436,-0.113591275,0.552687722,1.268157749,-0.119978449,0,,25,1,1
143662,9/30/2011,UMPQUA BANK,,0,,11763148,3.207770458,0.020565579,0.020565579,0.083671449,0.107983283,0.155788351,-1.057617554,0,,60,1,1
200378,6/30/2012,PACIFIC TRUST BANK,,0,,1102442,1.461910727,-0.288967754,-0.288967754,-0.329409557,0.17254338,-0.585791248,-0.52182378,0,,16,1,1
2975625,12/31/2009,EARTHSTAR BANK,EARTHSTAR BANK,1,FAILURE,116879,-0.193021966,-4.945227711,-4.945227711,-0.409254548,-0.984656949,1.08276285,1.01858332,1,1,38,0,1
3284397,12/31/2010,BEAL BANK NEVADA,,0,,6225232,2.738489285,4.270391931,4.270391931,8.532533628,0.725084749,0.89736795,0.348841103,0,,46,1,1
572374,9/30/2014,GREAT SOUTHERN BANK,,0,,3907806,2.395109346,0.177569939,0.177569939,0.75743341,-0.245419952,0.155788351,0.482789546,0,,60,1,1
104430,9/30/2011,JASPER BANKING COMPANY,JASPER BANKING COMPANY,1,FAILURE,211411,0.244035818,-1.469643665,-1.469643665,-1.17253801,-0.650145037,0.155788351,-1.057617554,1,1,45,0,1
1224812,12/31/2008,"WACHOVIA BANK OF DELAWARE, NATIONAL ASSOCIATION",,0,,5413553,2.635464462,0.144187025,0.144187025,-6.19435123,0.884414533,1.08276285,-1.928282436,0,,35,1,1
1001639,9/30/2008,PARKWAY BANK AND TRUST COMPANY,,0,,2477533,2.059046216,-0.08330129,-0.08330129,-0.888641392,-0.07182138,0.248485801,-2.86592154,0,,60,1,1
509811,9/30/2008,"COMMUNITY TRUST BANK, INC.",,0,,2897684,2.174565867,-0.274489277,-0.274489277,0.129249601,-0.084226046,0.248485801,-2.86592154,0,,60,1,1
1463705,3/31/2008,1ST CENTENNIAL BANK,1ST CENTENNIAL BANK,1,FAILURE,715231,1.142834904,-0.51368768,-0.51368768,0.183943851,0.241976475,0.155788351,-0.253926893,1,1,31,0,1
339858,3/31/2014,"BOKF, NATIONAL ASSOCIATION",,0,,27159713,3.824837283,0.153920767,0.153920767,-1.011386929,-0.049631615,0.341183251,1.487402872,0,,60,1,1
1391170,9/30/2009,CRESCENT BANK AND TRUST COMPANY,CRESCENT BANK AND TRUST COMPANY,1,FAILURE,1028761,1.410899771,-1.517433241,-1.517433241,-1.991905134,-0.304913726,1.175460299,-0.722746445,1,1,37,0,1
595270,3/31/2013,MIDFIRST BANK,,0,,10410563,3.117691083,0.76578556,0.76578556,-0.251755988,0.442349906,-0.400396348,-0.387875336,0,,16,1,1
976703,3/31/2015,"BESSEMER TRUST COMPANY, N.A.",,0,,1724955,1.792045138,0.445470383,0.445470383,-2.533060436,-5.356814492,0.433880701,0.348841103,0,,60,1,1
2443535,6/30/2010,COMMUNITY CENTRAL BANK,COMMUNITY CENTRAL BANK,1,FAILURE,542822,0.939429784,-1.424306198,-1.424306198,-1.03306201,-0.576413316,1.08276285,1.01858332,1,1,40,0,1
660842,3/31/2002,"WELLS FARGO BANK IOWA, NATIONAL ASSOCIATION",,0,,7629435,2.888487878,0.270734683,0.270734683,0.011694961,-1.723635749,1.268157749,-0.119978449,0,,11,1,1
997472,3/31/2003,WASHINGTON MUTUAL BANK,,0,,28374000,3.85709202,0.501066327,0.501066327,0.063794736,0.51524337,0.433880701,0.951609098,0,,14,1,1
677176,9/30/2013,TRUSTCO BANK,,0,,4462663,2.493019615,0.069715534,0.069715534,-0.472117985,-0.161584045,0.341183251,1.42042865,0,,16,1,1
982731,9/30/2011,MONTGOMERY BANK & TRUST,MONTGOMERY BANK & TRUST,1,FAILURE,188095,0.157860239,-1.493357834,-1.493357834,-1.011674486,-1.713634654,0.155788351,-1.057617554,1,1,45,0,1
8417,12/31/2002,"BANK ONE TRUST COMPANY, NATIONAL ASSOCIATION",,0,,1988092,1.896743471,1.145412371,1.145412371,-2.400749214,0.142043695,0.433880701,0.951609098,0,,22,1,1
151331,3/31/2011,"FIRST STATE BANK, THE",THE FIRST STATE BANK,1,FAILURE,574739,0.981563387,-0.496928769,-0.496928769,-1.667654442,0.022398705,0.89736795,0.348841103,1,1,43,0,1
3233407,6/30/2010,CORTEZ COMMUNITY BANK,CORTEZ COMMUNITY  BANK,1,FAILURE,80606,-0.467031559,-4.170462302,-4.170462302,-1.503812008,-0.552824469,1.08276285,1.01858332,1,1,28,0,1
3441426,12/31/2008,ROCKBRIDGE COMMERCIAL BANK,ROCKBRIDGE COMMERCIAL BANK,1,FAILURE,262970,0.404972763,-1.890419224,-1.890419224,-1.707077638,0.534941793,1.08276285,-1.928282436,1,1,11,0,1
419406,6/30/2012,BANGOR SAVINGS BANK,,0,,2650893,2.108922026,-0.044436061,-0.044436061,-0.474797267,0.093297668,-0.585791248,-0.52182378,0,,60,1,1
229913,12/31/2009,MIZUHO CORPORATE BANK (USA),,0,,3471714,2.307849193,-0.578201261,-0.578201261,-2.100370326,1.59006603,1.08276285,1.01858332,0,,60,1,1
476810,6/30/2015,"CITIBANK, N.A.",,1,,1336201000,6.697813302,0.127196727,0.127196727,-0.561010849,-0.215821047,0.433880701,0.348841103,0,,60,0,1
922728,12/31/2002,RIGGS BANK NATIONAL ASSOCIATION,,0,,6586547,2.780094846,-0.084807023,-0.084807023,-0.270837798,0.649623347,0.433880701,0.951609098,0,,16,1,1
3119378,6/30/2009,"GRANITE COMMUNITY BANK, NATIONAL ASSOCIATION","GRANITE COMMUNITY BANK, NATIONAL ASSOCIATION",1,FAILURE,137284,-0.074357797,-0.752129538,-0.752129538,-0.458804974,-0.213606496,1.08276285,-1.928282436,1,1,31,0,1
282329,6/30/2015,YADKIN BANK,,0,,4321791,2.469365495,0.118735781,0.118735781,0.096298516,-0.043975736,0.433880701,0.348841103,0,,60,1,1
402172,6/30/2008,FIRST BANK OF BEVERLY HILLS,FIRST BANK OF BEVERLY HILLS,1,FAILURE,1332288,1.601560727,-0.185205489,-0.185205489,-1.001239532,-0.961471431,0.155788351,-0.253926893,1,1,14,0,1
2253891,12/31/2011,"CAPITAL ONE BANK (USA), NATIONAL ASSOCIATION",,0,,71108281,4.534605316,0.574237962,0.574237962,6.309277925,0.176354752,-0.585791248,-0.52182378,0,,60,1,1
716413,3/31/2002,SCOTIABANK DE PUERTO RICO,,0,,1390866,1.633292109,-0.276774007,-0.276774007,0.775905512,0.048634076,1.268157749,-0.119978449,0,,60,1,1
2846453,3/31/2009,TOWN COMMUNITY BANK AND TRUST,TOWN COMMUNITY BANK AND TRUST,1,FAILURE,80480,-0.468185205,-0.50375834,-0.50375834,-1.358886112,-0.327741954,1.08276285,-1.928282436,1,1,35,0,1
456474,6/30/2009,CITY BANK,CITY BANK,1,FAILURE,1289818,1.577669985,-2.885918387,-2.885918387,-2.76633514,-1.009995575,1.08276285,-1.928282436,1,1,36,0,1
3557617,6/30/2010,FIRST CHOICE COMMUNITY BANK,FIRST CHOICE COMMUNITY BANK,1,FAILURE,340096,0.594634757,-8.019236611,-8.019236611,-0.956457701,-1.017293832,1.08276285,1.01858332,1,1,15,0,1
3234598,6/30/2009,PINEHURST BANK,PINEHURST BANK,1,FAILURE,64547,-0.63087669,-0.617324126,-0.617324126,-0.365119575,-0.57627298,1.08276285,-1.928282436,1,1,23,0,1
460855,3/31/2002,NATIONAL BANK OF COMMERCE,,0,,19987192,3.598704875,0.276025511,0.276025511,-0.024343896,0.286870048,1.268157749,-0.119978449,0,,16,1,1
3041974,12/31/2011,CITIZENS BANK OF PENNSYLVANIA,,0,,32316917,3.953046603,-0.100499412,-0.100499412,-1.258406608,-0.444958048,-0.585791248,-0.52182378,0,,57,1,1
127260,12/31/2008,SAN DIEGO NATIONAL BANK,SAN DIEGO NATIONAL BANK,1,FAILURE,3036766,2.209138276,-0.442038374,-0.442038374,0.249854501,-0.194277613,1.08276285,-1.928282436,1,1,34,0,1
2716547,12/31/2012,TIAA-CREF TRUST COMPANY FSB,,0,,2308229,2.006847834,-0.761449863,-0.761449863,-3.012124397,1.646061369,-0.400396348,-0.387875336,0,,16,1,1
270036,12/31/2008,ORION BANK,ORION BANK,1,FAILURE,2841164,2.160039697,-1.797375387,-1.797375387,-1.519465301,0.321580482,1.08276285,-1.928282436,1,1,34,0,1
1408069,9/30/2007,"FIFTH THIRD BANK, N.A.",,0,,1944402,1.880356771,-0.0893303,-0.0893303,-0.386310442,-0.104286235,-1.698160646,0.214892659,0,,33,1,1
3348888,6/30/2008,SERVISFIRST BANK,,0,,972523,1.369443031,0.001500437,0.001500437,-0.043213664,-0.058551649,0.155788351,-0.253926893,0,,43,1,1
3076190,9/30/2011,"ROYAL PALM BANK OF FLORIDA, THE",THE ROYAL PALM BANK OF FLORIDA,1,FAILURE,95978,-0.338313544,-1.340931182,-1.340931182,-0.861560592,-1.763500047,0.155788351,-1.057617554,1,1,42,0,1
3153626,9/30/2009,FIRST COMMERCE COMMUNITY BANK,FIRST COMMERCE COMMUNITY BANK,1,FAILURE,270614,0.426103139,-1.415114849,-1.415114849,-2.550032668,-0.473420709,1.175460299,-0.722746445,1,1,29,0,1
2847900,12/31/2009,SHORELINE BANK,SHORELINE BANK,1,FAILURE,119130,-0.178954375,-4.526665841,-4.526665841,-0.892712681,-1.095273397,1.08276285,1.01858332,1,1,38,0,1
3411018,12/31/2009,WESTERN COMMERCIAL BANK,WESTERN COMMERCIAL BANK,1,FAILURE,106047,-0.264743525,-4.128960546,-4.128960546,-0.604698742,-1.839459817,1.08276285,1.01858332,1,1,18,0,1
276579,3/31/2014,ZIONS FIRST NATIONAL BANK,,0,,18789115,3.553120481,0.093148905,0.093148905,-0.413402889,-0.085514851,0.341183251,1.487402872,0,,60,1,1
925710,12/31/2007,SUN NATIONAL BANK,,0,,3333953,2.27799024,-0.054123244,-0.054123244,-0.259268859,-0.060704195,0.155788351,-0.253926893,0,,60,1,1
3123106,3/31/2009,MCINTOSH COMMERCIAL BANK,MCINTOSH COMMERCIAL BANK,1,FAILURE,366373,0.649518373,-0.911801942,-0.911801942,-1.955283084,-0.327041812,1.08276285,-1.928282436,1,1,28,0,1
2874634,3/31/2011,TENNESSEE COMMERCE BANK,TENNESSEE COMMERCE BANK,1,FAILURE,1511693,1.694723965,-0.488966155,-0.488966155,-0.060732474,0.3420085,0.89736795,0.348841103,1,1,43,0,1
332907,3/31/2007,NORTH FORK BANK,,0,,54159013,4.333814227,0.038007398,0.038007398,-0.691618405,-1.091156047,-1.976252995,0.482789546,0,,25,1,1
878898,6/30/2012,"VIEWPOINT BANK, NATIONAL ASSOCIATION",,0,,3690723,2.352961621,0.010067269,0.010067269,-0.284253688,2.006085731,-0.585791248,-0.52182378,0,,17,1,1
129394,3/31/2009,RAINIER PACIFIC SAVINGS BANK,RAINIER PACIFIC BANK,1,FAILURE,857699,1.276790065,-1.056490466,-1.056490466,-0.838481451,-0.056910514,1.08276285,-1.928282436,1,1,35,0,1
795968,12/31/2011,BANK OF HAWAII,,0,,13868520,3.329190732,0.141557172,0.141557172,-0.53207121,0.273681661,-0.585791248,-0.52182378,0,,60,1,1
785259,12/31/2010,COMMUNITY BANKS OF COLORADO,COMMUNITY BANKS OF COLORADO,1,FAILURE,1575679,1.725295542,-2.843349488,-2.843349488,-1.020399685,-0.849680917,0.89736795,0.348841103,1,1,42,0,1
2489805,3/31/2015,"MORGAN STANLEY PRIVATE BANK, NATIONAL ASSOCIATION",,0,,29116000,3.876128883,-0.037004745,-0.037004745,-1.681316154,0.543769102,0.433880701,0.348841103,0,,22,1,1
593007,12/31/2002,CAMDEN NATIONAL BANK,,0,,829779,1.252385191,0.429855939,0.429855939,0.154717326,-0.035690135,0.433880701,0.951609098,0,,60,1,1
3451902,9/30/2010,PATRIOT BANK OF GEORGIA,PATRIOT BANK OF GEORGIA,1,FAILURE,166272,0.06691693,-2.283105728,-2.283105728,-2.014104064,-0.588270614,0.341183251,0.214892659,1,1,19,0,1
489623,3/31/2011,"PARK NATIONAL BANK, THE",,0,,6573541,2.778637224,0.377520802,0.377520802,0.085506423,-0.069252661,0.89736795,0.348841103,0,,60,1,1
20370,6/30/2010,FIRST HERITAGE BANK,FIRST HERITAGE BANK,1,FAILURE,211066,0.242831404,-1.999391698,-1.999391698,-0.585377566,-0.639431835,1.08276285,1.01858332,1,1,40,0,1
3298769,12/31/2009,TIFTON BANKING COMPANY,TIFTON BANKING COMPANY,1,FAILURE,191870,0.172513939,-1.822544139,-1.822544139,-1.2075807,0.423023003,1.08276285,1.01858332,1,1,23,0,1
807665,9/30/2008,"VINEYARD BANK, NATIONAL ASSOCIATION","VINEYARD BANK, NATIONAL ASSOCIATION",1,FAILURE,2088977,1.933246327,-1.957722258,-1.957722258,-0.817703919,-1.7084331,0.248485801,-2.86592154,1,1,33,0,1
2694430,12/31/2009,CHESTATEE STATE BANK,CHESTATEE STATE BANK,1,FAILURE,270266,0.425154201,-1.713815739,-1.713815739,-1.899093221,-1.184493264,1.08276285,1.01858332,1,1,38,0,1
2727990,3/31/2010,LEGACY BANK,LEGACY BANK,1,FAILURE,241054,0.340801046,0.10653553,0.10653553,0.025933238,0.664567264,1.08276285,1.01858332,1,1,39,0,1
522043,6/30/2011,FARMERS & TRADERS STATE BANK,FARMERS' AND TRADERS' STATE BANK,1,FAILURE,59944,-0.685434973,-0.717587752,-0.717587752,-1.313466629,0.996219302,0.89736795,0.348841103,1,1,44,0,1
618807,12/31/2009,SALEM FIVE CENTS SAVINGS BANK,,0,,2729342,2.130428866,-0.092444307,-0.092444307,-0.911617702,-0.251464216,1.08276285,1.01858332,0,,60,1,1
1225800,9/30/2008,MERRILL LYNCH BANK USA,MERRILL LYNCH BANK USA,1,,61643285,4.429269037,-0.834026007,-0.834026007,-0.426056795,0.51817586,0.248485801,-2.86592154,1,,33,0,1
3938186,12/31/2013,"BANKUNITED, NATIONAL ASSOCIATION",,0,,14874509,3.380832104,0.241025801,0.241025801,0.612231168,0.393827079,0.341183251,1.487402872,0,,17,1,1
156916,9/30/2007,YARDVILLE NATIONAL BANK,,0,,2580935,2.089199185,-0.092217923,-0.092217923,-0.371278989,-0.084295675,-1.698160646,0.214892659,0,,27,1,1
2333412,6/30/2007,"UNITED STATES TRUST COMPANY, NATIONAL ASSOCIATION",,0,,10672482,3.136014888,0.08079596,0.08079596,-1.444803361,0.043058657,-1.976252995,0.482789546,0,,27,1,1
2966306,3/31/2013,"AMERICAN EXPRESS BANK, FSB",,0,,41032306,4.12912552,1.311286494,1.311286494,1.16428891,0.745221208,-0.400396348,-0.387875336,0,,16,1,1
866279,6/30/2003,BANK OF EPHRAIM,BANK OF EPHRAIM,1,FAILURE,58912,-0.698241435,0.196294179,0.196294179,0.613908067,0.698810779,0.433880701,0.951609098,1,1,12,0,1
679125,6/30/2002,FIRST VIRGINIA BANK,,0,,4273971,2.461160293,0.553270369,0.553270369,0.880722556,0.205148336,1.268157749,-0.119978449,0,,10,1,1
682563,12/31/2007,"FROST NATIONAL BANK, THE",,0,,13632996,3.31655941,0.345541994,0.345541994,0.273904109,0.099853921,0.155788351,-0.253926893,0,,60,1,1
2885171,12/31/2014,"BANK OF GEORGIA, THE",THE BANK OF GEORGIA,1,FAILURE,309168,0.524324452,-0.897407467,-0.897407467,-0.593138346,-0.627459639,0.433880701,0.348841103,1,1,58,0,1
295552,12/31/2007,"FRANKLIN BANK, S.S.B.","FRANKLIN BANK, SSB",1,FAILURE,5702461,2.673805861,-2.164291807,-2.164291807,-1.46244227,-0.279984399,0.155788351,-0.253926893,1,1,30,0,1
3075278,6/30/2010,ATLANTIC SOUTHERN BANK,ATLANTIC SOUTHERN BANK,1,FAILURE,911771,1.321874239,-0.906835225,-0.906835225,-1.594000052,-0.634951702,1.08276285,1.01858332,1,1,37,0,1
2796017,9/30/2009,NORTH COUNTY BANK,NORTH COUNTY BANK,1,FAILURE,359195,0.634926899,-1.71077011,-1.71077011,-1.436375941,-0.216934936,1.175460299,-0.722746445,1,1,37,0,1
2121196,6/30/2007,"TD BANK USA, NATIONAL ASSOCIATION",,0,,16849322,3.472763091,-0.205881918,-0.205881918,0.211904399,0.085317689,-1.976252995,0.482789546,0,,60,1,1
2280552,3/31/2009,APPALACHIAN COMMUNITY BANK,APPALACHIAN COMMUNITY BANK,1,FAILURE,1142122,1.487986943,-0.462213414,-0.462213414,-1.181429148,0.228641082,1.08276285,-1.928282436,1,1,35,0,1
697633,6/30/2012,COMPASS BANK,,0,,65982103,4.479429485,0.037493969,0.037493969,-0.151953393,-0.100079588,-0.585791248,-0.52182378,0,,60,1,1
35301,12/31/2013,STATE STREET BANK AND TRUST COMPANY,,0,,239051106,5.428737924,0.05062341,0.05062341,-1.980195748,1.172506238,0.341183251,1.487402872,0,,60,1,1
2783660,9/30/2012,FIRST COMMUNITY BANK OF SOUTHWEST FLORIDA,FIRST COMMUNITY BANK OF SOUTHWEST FLORIDA,1,FAILURE,279726,0.450525181,-0.318655985,-0.318655985,-0.875703424,0.023377381,-0.771186147,0.080944216,1,1,49,0,1
1190074,3/31/2013,VIRGINIA COMMERCE BANK,,0,,2881198,2.170358288,0.10517957,0.10517957,0.06802837,0.041967502,-0.400396348,-0.387875336,0,,51,1,1
497404,3/31/2007,"TD BANKNORTH, NATIONAL ASSOCIATION",,0,,41239729,4.132843998,-0.005434315,-0.005434315,-0.371706201,0.288339106,-1.976252995,0.482789546,0,,60,1,1
2621306,3/31/2010,CITIZENS BANK OF EFFINGHAM,CITIZENS BANK OF EFFINGHAM,1,FAILURE,242264,0.344493482,-0.506647028,-0.506647028,-1.138326052,-0.323726144,1.08276285,1.01858332,1,1,39,0,1
437914,6/30/2015,"WILMINGTON SAVINGS FUND SOCIETY, FSB",,0,,5071239,2.587294215,0.08604082,0.08604082,-0.400896113,0.103282575,0.433880701,0.348841103,0,,16,1,1
876371,3/31/2013,FIRST PLACE BANK,,0,,2616347,2.099248595,0.056328914,0.056328914,-0.625518655,-0.093419448,-0.400396348,-0.387875336,0,,7,1,1
15536,12/31/2008,PARK NATIONAL BANK,PARK NATIONAL BANK,1,FAILURE,4891752,2.560720645,-0.172687929,-0.172687929,-0.01670752,0.283694929,1.08276285,-1.928282436,1,1,34,0,1
174648,6/30/2002,"FIRST NATIONAL BANK OF BLANCHARDVILLE, THE",THE FIRST NATIONAL BANK OF BLANCHARDVILLE,1,FAILURE,25738,-1.308902195,0.31622508,0.31622508,0.438157939,1.018408152,1.268157749,-0.119978449,1,1,8,0,1
297378,9/30/2013,"GREENCHOICE BANK, FSB","GREENCHOICE BANK, FSB",1,FAILURE,77442,-0.496561675,-1.802187874,-1.802187874,0.216368723,-0.871795842,0.341183251,1.42042865,1,1,9,0,1
564155,12/31/2010,SUN SECURITY BANK,SUN SECURITY BANK,1,FAILURE,380584,0.677581825,-0.182523367,-0.182523367,-0.640568983,-0.174114031,0.89736795,0.348841103,1,1,42,0,1
104663,6/30/2009,INNOVATIVE BANK,INNOVATIVE BANK,1,FAILURE,269417,0.422833982,-1.742508382,-1.742508382,-1.758149786,-1.049425644,1.08276285,-1.928282436,1,1,36,0,1
3223800,9/30/2008,COMMUNITY BANK OF ARIZONA,COMMUNITY BANK OF ARIZONA,1,FAILURE,144593,-0.036105692,-0.66666303,-0.66666303,-0.81061403,1.500750659,0.248485801,-2.86592154,1,1,22,0,1
49362,6/30/2002,"WELLS FARGO BANK ARIZONA, NATIONAL ASSOCIATION",,0,,11143785,3.167882314,0.027665639,0.027665639,0.008149158,-0.494134796,1.268157749,-0.119978449,0,,11,1,1
2950677,6/30/2012,CIT BANK,,0,,10024853,3.089849838,0.053333911,0.053333911,-1.245149177,0.317108635,-0.585791248,-0.52182378,0,,55,1,1
1221558,9/30/2008,SECURITY BANK OF BIBB COUNTY,SECURITY BANK OF BIBB COUNTY,1,FAILURE,1293756,1.57991808,-1.32075035,-1.32075035,-0.999187226,-0.85073535,0.248485801,-2.86592154,1,1,33,0,1
147839,3/31/2009,FIRST NATIONAL BANK OF GEORGIA,FIRST NATIONAL BANK OF GEORGIA,1,FAILURE,911571,1.321712461,-0.734618646,-0.734618646,-1.352659045,0.094173334,1.08276285,-1.928282436,1,1,35,0,1
3008306,12/31/2010,SUNFIRST BANK,SUNFIRST BANK,1,FAILURE,224704,0.289005123,-0.828859094,-0.828859094,-1.257370929,-0.234491314,0.89736795,0.348841103,1,1,42,0,1
121709,3/31/2002,PROVIDIAN NATIONAL BANK,,0,,16215649,3.444494127,-0.121239341,-0.121239341,4.525617038,-1.020837506,1.268157749,-0.119978449,0,,18,1,1
2193616,6/30/2015,"RAYMOND JAMES BANK, NATIONAL ASSOCIATION",,0,,13818408,3.326521249,0.270002469,0.270002469,-0.489575441,-0.168239144,0.433880701,0.348841103,0,,16,1,1
411464,9/30/2007,FIRST NATIONAL BANK OF NEVADA,FIRST NATIONAL BANK OF NEVADA,1,FAILURE,1433244,1.655425661,0.505053284,0.505053284,0.993755797,-0.108092106,-1.698160646,0.214892659,1,1,29,0,1
3448751,3/31/2011,COVENANT BANK & TRUST,CONVENANT BANK & TRUST,1,FAILURE,105857,-0.26606596,0.230099883,0.230099883,-0.157427869,-0.238604317,0.89736795,0.348841103,1,1,22,0,1
130943,9/30/2008,IRWIN UNION BANK AND TRUST COMPANY,IRWIN UNION BANK AND TRUST COMPANY,1,FAILURE,4565915,2.509887386,-3.348883318,-3.348883318,0.091753706,-2.207101124,0.248485801,-2.86592154,1,1,33,0,1
4114567,3/31/2014,FIRST REPUBLIC BANK,,0,,44345897,4.186395857,0.106845041,0.106845041,-0.591897754,0.416448912,0.341183251,1.487402872,0,,22,1,1
2481210,6/30/2009,SOUTHWEST COMMUNITY BANK,SOUTHWEST COMMUNITY BANK,1,FAILURE,130356,-0.112544621,-1.395966395,-1.395966395,-1.723755772,-0.145180694,1.08276285,-1.928282436,1,1,36,0,1
656377,6/30/2012,WASHINGTON FEDERAL,,0,,13468724,3.30761953,0.111723417,0.111723417,-0.5926087,-0.311080555,-0.585791248,-0.52182378,0,,17,1,1
2302379,12/31/2009,PREMIER BANK,PREMIER BANK,1,FAILURE,1256121,1.558147807,-3.597230362,-3.597230362,-1.539635814,-1.443629473,1.08276285,1.01858332,1,1,38,0,1
897273,6/30/2002,"CHARTER ONE BANK, NATIONAL ASSOCIATION",,0,,39532941,4.101673808,0.254303713,0.254303713,-0.626906785,-0.074259977,1.268157749,-0.119978449,0,,20,1,1
3390702,9/30/2010,VIRGINIA BUSINESS BANK,VIRGINIA BUSINESS BANK,1,FAILURE,128987,-0.12033023,-3.514799829,-3.514799829,-0.604487236,-2.10120167,0.341183251,0.214892659,1,1,20,0,1
337733,6/30/2009,"BANK OF BONIFAY, THE",THE BANK OF BONIFAY,1,FAILURE,250053,0.367829823,-1.391058973,-1.391058973,-2.037570802,0.460956241,1.08276285,-1.928282436,1,1,36,0,1
2267991,3/31/2002,"FLEET BANK (RI), NATIONAL ASSOCIATION",,0,,6876214,2.811833723,0.488954071,0.488954071,1.154243621,-0.058334015,1.268157749,-0.119978449,0,,15,1,1
2616076,3/31/2008,RIVERSIDE BANK OF THE GULF COAST,RIVERSIDE BANK OF THE GULF COAST,1,FAILURE,535046,0.928789386,-2.37363997,-2.37363997,-1.039752752,-0.680182443,0.155788351,-0.253926893,1,1,31,0,1
527954,9/30/2014,FIRST NATIONAL BANK OF OMAHA,,0,,16998798,3.479276365,0.229369516,0.229369516,1.327297858,0.20637836,0.155788351,0.482789546,0,,60,1,1
3465383,6/30/2012,1ST COMMERCE BANK,1ST COMMERCE BANK,1,FAILURE,23225,-1.384666719,-1.046577444,-1.046577444,-0.463186386,-1.750432715,-0.585791248,-0.52182378,1,1,25,0,1
2803223,9/30/2010,FIRST PEOPLES BANK,FIRST PEOPLES BANK,1,FAILURE,240635,0.339518104,-1.063985373,-1.063985373,-0.265935686,-1.255306166,0.341183251,0.214892659,1,1,41,0,1
379920,3/31/2013,FIRST NATIONAL BANK OF PENNSYLVANIA,,0,,11809942,3.210698208,0.062383415,0.062383415,-0.566158361,-0.253609563,-0.400396348,-0.387875336,0,,60,1,1
169073,12/31/2011,NOVA BANK,NOVA BANK,1,FAILURE,528130,0.919195035,-1.471102451,-1.471102451,-0.939874625,-0.589607096,-0.585791248,-0.52182378,1,1,46,0,1
212577,3/31/2014,HOMETRUST BANK,,0,,1604268,1.738555753,-0.037803523,-0.037803523,-0.362071727,-0.16616296,0.341183251,1.487402872,0,,16,1,1
3224580,9/30/2013,COMENITY CAPITAL BANK,,0,,1449745,1.663867395,2.202587782,2.202587782,11.33402508,1.662832885,0.341183251,1.42042865,0,,46,1,1
2962652,3/31/2002,"BANK OF AMERICA GEORGIA, NATIONAL ASSOCIATION",,0,,7036196,2.828794571,0.8487889,0.8487889,0.713555221,2.734084564,1.268157749,-0.119978449,0,,18,1,1
1009420,3/31/2002,FIRST NATIONAL BANK,,0,,592264,1.003713622,0.261231235,0.261231235,0.551104647,-0.14092197,1.268157749,-0.119978449,0,,52,1,1
693345,9/30/2013,"FIRST FINANCIAL BANK, NATIONAL ASSOCIATION",,0,,2927384,2.182085885,0.109225387,0.109225387,-0.148383389,0.020800027,0.341183251,1.42042865,0,,60,1,1
17147,6/30/2014,"FIRST MERCHANTS BANK, NATIONAL ASSOCIATION",,0,,5593341,2.659557646,0.164462855,0.164462855,-0.176844889,0.148577023,0.341183251,1.487402872,0,,60,1,1
361167,9/30/2011,SOUTHSIDE BANK,,0,,3207192,2.249404733,0.160739034,0.160739034,-0.439199555,0.151306086,0.155788351,-1.057617554,0,,60,1,1
2738857,9/30/2009,HORIZON BANK,HORIZON BANK,1,FAILURE,207827,0.231426906,-0.149819411,-0.149819411,-0.543376186,-0.129872721,1.175460299,-0.722746445,1,1,37,0,1
739560,3/31/2012,FREMONT BANK,,0,,2369707,2.026232133,0.92346897,0.92346897,0.141468685,-0.20905486,-0.585791248,-0.52182378,0,,60,1,1
1004265,6/30/2011,PALM DESERT NATIONAL BANK,PALM DESERT NATIONAL BANK,1,FAILURE,144119,-0.038527131,1.161315523,1.161315523,-0.553183742,-7.992571101,0.89736795,0.348841103,1,1,44,0,1
3128914,12/31/2010,PIEDMONT COMMUNITY BANK,PIEDMONT COMMUNITY BANK,1,FAILURE,219265,0.270935554,-0.882385851,-0.882385851,-1.534794356,-0.338745742,0.89736795,0.348841103,1,1,36,0,1
239640,9/30/2010,BANK OF SHOREWOOD,BANK OF SHOREWOOD,1,FAILURE,119758,-0.175077105,-0.384526353,-0.384526353,-0.268332821,-0.977100915,0.341183251,0.214892659,1,1,41,0,1
3317932,9/30/2010,NORTH JERSEY COMMUNITY BANK,,0,,575489,0.982525081,0.021357244,0.021357244,0.37071688,-0.004050398,0.341183251,0.214892659,0,,44,1,1
3536407,3/31/2015,USAMERIBANK,,0,,3260647,2.261594591,0.074589816,0.074589816,-0.331139813,0.496396185,0.433880701,0.348841103,0,,36,1,1
3219335,6/30/2010,FIRST GEORGIA BANKING COMPANY,FIRST GEORGIA BANKING COMPANY,1,FAILURE,801670,1.226971103,-1.066762045,-1.066762045,-0.732818447,-0.674160079,1.08276285,1.01858332,1,1,29,0,1
1225761,3/31/2002,WELLS FARGO FINANCIAL NATIONAL BANK,,0,,400510,0.715214987,0.502103291,0.502103291,6.065598876,0.902787288,1.268157749,-0.119978449,0,,60,1,1
3384840,12/31/2009,WESTBRIDGE BANK & TRUST COMPANY,WESTBRIDGE BANK AND TRUST COMPANY,1,FAILURE,102567,-0.289349225,-1.957641817,-1.957641817,-0.850354005,-1.281566833,1.08276285,1.01858332,1,1,18,0,1
1001273,3/31/2003,KEYSTONE SAVINGS BANK,,0,,1040181,1.419040848,0.143609717,0.143609717,-0.172220302,0.059656783,0.433880701,0.951609098,0,,27,1,1
974866,3/31/2009,FIRST REGIONAL BANK,FIRST REGIONAL BANK,1,FAILURE,2476570,2.058759521,-0.392302764,-0.392302764,-0.717273949,-0.133232743,1.08276285,-1.928282436,1,1,35,0,1
449926,3/31/2009,AMERICAN NATIONAL BANK,AMERICAN NATIONAL BANK,1,FAILURE,79036,-0.48153684,-2.304873786,-2.304873786,-1.055475818,-0.519705679,1.08276285,-1.928282436,1,1,35,0,1
3442834,12/31/2007,ALPHA BANK & TRUST,ALPHA BANK & TRUST,1,FAILURE,363894,0.64451162,-3.642059034,-3.642059034,-0.788468922,0.819265822,0.155788351,-0.253926893,1,1,9,0,1
320119,3/31/2003,ISRAEL DISCOUNT BANK OF NEW YORK,,0,,7597226,2.885368034,0.022511042,0.022511042,-1.605873277,0.642318423,0.433880701,0.951609098,0,,60,1,1
3202702,9/30/2009,"OPTUMHEALTH BANK, INC.",,0,,1166069,1.503289169,0.71962077,0.71962077,-0.563570211,0.301253265,1.175460299,-0.722746445,0,,43,1,1
141734,9/30/2009,SHOREBANK,SHOREBANK,1,FAILURE,2545897,2.079119276,-0.931527276,-0.931527276,-1.40444237,-0.764275994,1.175460299,-0.722746445,1,1,37,0,1
598534,3/31/2008,FIDELITY BANK,,0,,1732780,1.795382882,-0.13212536,-0.13212536,-0.608025472,0.135011812,0.155788351,-0.253926893,0,,60,1,1
435077,6/30/2013,METABANK,,0,,1657305,1.762541309,0.072678894,0.072678894,-1.141482001,-0.833324299,-0.400396348,-0.387875336,0,,16,1,1
2886187,6/30/2012,BANKS OF WISCONSIN,BANKS OF WISCONSIN,1,FAILURE,153262,0.006832765,-2.326081521,-2.326081521,-0.541552556,-0.850467031,-0.585791248,-0.52182378,1,1,48,0,1
613307,12/31/2012,PEOPLE'S UNITED BANK,,0,,30087088,3.90032317,0.041508878,0.041508878,-0.255571695,0.516050413,-0.400396348,-0.387875336,0,,38,1,1
44602,3/31/2003,BOSTON SAFE DEPOSIT AND TRUST COMPANY,,0,,5348489,2.626547621,-0.195297216,-0.195297216,-2.2649789,-0.583214359,0.433880701,0.951609098,0,,29,1,1
445843,3/31/2007,LASALLE BANK MIDWEST NATIONAL ASSOCIATION,,0,,40143846,4.112982439,0.045613757,0.045613757,-1.506645564,-3.238718708,-1.976252995,0.482789546,0,,30,1,1
3441592,9/30/2010,"BANKMERIDIAN, NA","BANKMERIDIAN, N.A.",1,FAILURE,268244,0.419616251,-3.344464462,-3.344464462,-0.700196483,-1.107291777,0.341183251,0.214892659,1,1,20,0,1
564605,9/30/2012,"HUDSON CITY SAVINGS BANK, FSB",,0,,41899945,4.144556415,-0.070975761,-0.070975761,-1.408205826,-0.539655652,-0.771186147,0.080944216,0,,26,1,1
76201,3/31/2002,FLEET NATIONAL BANK,,0,,178224000,5.212197384,0.341768211,0.341768211,0.236913081,-0.907430628,1.268157749,-0.119978449,0,,16,1,1
3116809,3/31/2011,CENTRAL FLORIDA STATE BANK,CENTRAL FLORIDA STATE BANK,1,FAILURE,85024,-0.427681137,-1.52687427,-1.52687427,-0.724068404,0.098936292,0.89736795,0.348841103,1,1,38,0,1
41647,12/31/2009,FIRST BANKING CENTER,FIRST BANKING CENTER,1,FAILURE,912354,1.322345622,-2.928162893,-2.928162893,-0.81811436,-0.616596609,1.08276285,1.01858332,1,1,38,0,1
762661,3/31/2007,FREMONT INVESTMENT & LOAN,,0,,13186854,3.292022691,-6.593785146,-6.593785146,-0.972631435,0.206744417,-1.976252995,0.482789546,0,,29,1,1
362445,6/30/2002,NATIONAL CITY BANK OF INDIANA,,0,,32514856,3.957549629,0.566058849,0.566058849,0.888941727,-0.675269469,1.268157749,-0.119978449,0,,21,1,1
1011526,3/31/2003,CITY NATIONAL BANK OF WEST VIRGINIA,,0,,1984465,1.895396875,0.502855966,0.502855966,0.911867664,-0.448467557,0.433880701,0.951609098,0,,60,1,1
978154,3/31/2007,STERLING BANK,,0,,4334458,2.471523757,0.183081055,0.183081055,0.508289999,0.420890944,-1.976252995,0.482789546,0,,41,1,1
203753,6/30/2007,"FIRST INTEGRITY BANK, NATIONAL ASSOCIATION","FIRST INTEGRITY BANK, N.A.",1,FAILURE,54005,-0.76237568,-0.355259403,-0.355259403,1.553470381,0.36679182,-1.976252995,0.482789546,1,1,28,0,1
20866,9/30/2009,HOME VALLEY BANK,HOME VALLEY BANK,1,FAILURE,249913,0.367416826,-3.068148126,-3.068148126,-0.751054054,-0.468044624,1.175460299,-0.722746445,1,1,37,0,1
245276,9/30/2007,ORIENTAL BANK AND TRUST,,0,,5549952,2.65381479,-0.013011739,-0.013011739,-1.873401659,0.585544499,-1.698160646,0.214892659,0,,60,1,1
2931603,3/31/2014,WORLD'S FOREMOST BANK,,0,,4218537,2.451532958,0.445805896,0.445805896,3.112920822,0.029431365,0.341183251,1.487402872,0,,60,1,1
3119163,6/30/2008,COMMUNITY BANK OF WEST GEORGIA,COMMUNITY BANK OF WEST GEORGIA,1,FAILURE,201363,0.208126037,-0.519737234,-0.519737234,-1.193261631,-0.611006517,0.155788351,-0.253926893,1,1,24,0,1
107244,6/30/2015,BANK OF THE OZARKS,,0,,8701082,2.985412928,0.527371581,0.527371581,0.597848805,0.370375946,0.433880701,0.348841103,0,,60,1,1
915878,9/30/2014,THIRD FEDERAL SAVINGS & LOAN ASSOCIATION OF CLEVELAND,,0,,11769063,3.208141183,-0.073345766,-0.073345766,-1.145291056,-0.128025431,0.155788351,0.482789546,0,,16,1,1
486752,9/30/2010,"CITIBANK (SOUTH DAKOTA), NATIONAL ASSOCIATION",,1,,143608922,5.052948046,0.155726271,0.155726271,5.775217374,-0.417271354,0.341183251,0.214892659,0,,41,0,1
1017658,6/30/2003,TEXAS STATE BANK,,0,,4069562,2.42501959,0.298054403,0.298054403,-0.052587193,-0.077645298,0.433880701,0.951609098,0,,27,1,1
456960,12/31/2010,NEVADA STATE BANK,,0,,4071534,2.42537685,-0.976329987,-0.976329987,-0.224357632,-0.131766083,0.89736795,0.348841103,0,,58,1,1
2917317,6/30/2012,BOFI FEDERAL BANK,,0,,2385431,2.031109227,0.28967034,0.28967034,0.103043174,0.34242555,-0.585791248,-0.52182378,0,,16,1,1
998675,3/31/2002,FIRST EAST SIDE SAVINGS BANK,FIRST EAST SIDE SAVINGS BANK,1,FAILURE,84401,-0.433104544,0.067739984,0.067739984,0.213434964,0.109355422,-0.585791248,-0.52182378,1,1,7,0,1
567231,9/30/2008,CAPITALSOUTH BANK,CAPITALSOUTH BANK,1,FAILURE,694900,1.121568747,-1.352857873,-1.352857873,-1.01242947,-0.991335555,0.248485801,-2.86592154,1,1,33,0,1
557858,6/30/2015,"INTRUST BANK, NATIONAL ASSOCIATION",,0,,4431141,2.487792192,0.187491455,0.187491455,-0.830711909,-0.280664887,0.433880701,0.348841103,0,,60,1,1
170716,6/30/2008,BANCO BILBAO VIZCAYA ARGENTARIA PUERTO RICO,,0,,6576376,2.778955197,-0.025909799,-0.025909799,-0.69074809,-0.348891318,0.155788351,-0.253926893,0,,46,1,1
1842065,3/31/2012,"PRIVATEBANK AND TRUST COMPANY, THE",,0,,12587678,3.257730003,-0.026878954,-0.026878954,-0.148518048,-0.023161095,-0.585791248,-0.52182378,0,,60,1,1
3304428,6/30/2012,GOLD CANYON BANK,GOLD CANYON BANK,1,FAILURE,54777,-0.75190856,-1.129268067,-1.129268067,-1.030861228,-1.316759809,-0.585791248,-0.52182378,1,1,27,0,1
412751,9/30/2014,WOODFOREST NATIONAL BANK,,0,,4204882,2.449142047,0.581388324,0.581388324,-1.174535726,-0.115076973,0.155788351,0.482789546,0,,60,1,1
45627,12/31/2002,FIRST CHARTER BANK,,0,,3726842,2.360143489,0.176839078,0.176839078,-0.494433067,-0.050364886,0.433880701,0.951609098,0,,28,1,1
574471,3/31/2009,STATEWIDE BANK,STATEWIDE BANK,1,FAILURE,273195,0.433103244,-0.039712529,-0.039712529,-0.407738263,-0.312000548,1.08276285,-1.928282436,1,1,20,0,1
3083741,3/31/2008,FIRSTBANK FINANCIAL SERVICES,FIRSTBANK FINANCIAL SERVICES,1,FAILURE,432154,0.77129272,-0.436714194,-0.436714194,-1.762428189,2.32099514,0.155788351,-0.253926893,1,1,27,0,1
2582023,6/30/2010,U.S. BANK NATIONAL ASSOCIATION ND,,0,,5563610,2.655627355,0.551134106,0.551134106,0.550343997,0.168511624,1.08276285,1.01858332,0,,48,1,1
40305,12/31/2002,CHITTENDEN TRUST COMPANY,,0,,3061890,2.215214262,0.359745678,0.359745678,0.325023084,-0.420244835,0.433880701,0.951609098,0,,27,1,1
672612,3/31/2002,"ROSLYN SAVINGS BANK, THE",,0,,9152610,3.022721525,0.188926483,0.188926483,-0.834751826,0.660871435,1.268157749,-0.119978449,0,,10,1,1
436159,6/30/2003,FIRST BANK,,0,,1102185,1.461738795,0.067129765,0.067129765,-0.040773086,1.792497792,0.433880701,0.951609098,0,,60,1,1
636043,6/30/2003,"FIFTH THIRD BANK, INDIANA",,0,,8042469,2.9273677,-0.147161858,-0.147161858,-0.690341878,-0.111770821,0.433880701,0.951609098,0,,10,1,1
2736291,9/30/2009,BANCO POPULAR NORTH AMERICA,,0,,11463230,3.188724412,-2.511271642,-2.511271642,-0.76376524,-0.427210745,1.175460299,-0.722746445,0,,60,1,1
185037,12/31/2010,CENTRAL PROGRESSIVE BANK,CENTRAL PROGRESSIVE BANK,1,FAILURE,409844,0.732204146,-4.979619414,-4.979619414,-1.147417725,-0.432255617,0.89736795,0.348841103,1,1,42,0,1
775214,9/30/2007,COMMERCE BANK/HARRISBURG NATIONAL ASSOCIATION,,0,,2014260,1.906386669,-0.099837558,-0.099837558,-0.351921149,0.406429816,-1.698160646,0.214892659,0,,59,1,1
3350779,12/31/2010,COMMUNITY BANK OF ROCKMART,COMMUNITY BANK OF ROCKMART,1,FAILURE,62752,-0.651674993,-1.508819476,-1.508819476,-0.483782511,-0.801640107,0.89736795,0.348841103,1,1,25,0,1
1464122,12/31/2009,HANCOCK BANK OF LOUISIANA,,0,,2896605,2.174291217,0.188395717,0.188395717,0.208865872,-0.008089748,1.08276285,1.01858332,0,,51,1,1
752970,6/30/2009,WESTERNBANK PUERTO RICO,WESTERNBANK PUERTO RICO,1,FAILURE,14338878,3.353786784,-0.330974101,-0.330974101,-2.328577987,-0.851162189,1.08276285,-1.928282436,1,1,36,0,1
3426245,3/31/2009,CENTURY SECURITY BANK,CENTURY SECURITY BANK,1,FAILURE,112202,-0.223138037,-1.409750735,-1.409750735,-2.485573893,-0.796614554,1.08276285,-1.928282436,1,1,15,0,1
880659,9/30/2008,FIRST BANK OF KANSAS CITY,FIRST BANK OF KANSAS CITY,1,FAILURE,19272,-1.522256278,-2.041411274,-2.041411274,-0.134826411,-2.632201677,0.248485801,-2.86592154,1,1,33,0,1
657365,3/31/2007,HANMI BANK,,0,,3770124,2.368658521,0.294818336,0.294818336,0.495666709,-0.058173652,-1.976252995,0.482789546,0,,60,1,1
259518,6/30/2007,NATIONAL CITY BANK,,0,,138415043,5.025782742,0.116745647,0.116745647,-0.19900269,0.389406519,-1.976252995,0.482789546,0,,34,1,1
3783948,9/30/2010,"RBC BANK (GEORGIA), NATIONAL ASSOCIATION",,0,,250476,0.369076261,0.511508151,0.511508151,3.403544756,2.059146239,0.341183251,0.214892659,0,,30,1,1
28013,3/31/2015,NORTHFIELD BANK,,0,,3048999,2.212102958,-0.032191136,-0.032191136,-0.853407453,-0.091366669,0.433880701,0.348841103,0,,43,1,1
822154,9/30/2007,AMERICAN STATE BANK,,0,,1993309,1.898676083,0.238892302,0.238892302,-0.361187074,-0.653204887,-1.698160646,0.214892659,0,,45,1,1
518952,9/30/2009,HOME NATIONAL BANK,HOME NATIONAL BANK,1,FAILURE,712422,1.139932958,-0.845220118,-0.845220118,-0.3145537,-0.431431805,1.175460299,-0.722746445,1,1,37,0,1
803368,6/30/2002,COMERICA BANK-CALIFORNIA,,0,,15673453,3.41941482,-0.233143063,-0.233143063,-0.160438417,0.452361445,1.268157749,-0.119978449,0,,8,1,1
3278547,6/30/2011,HARVEST BANK OF MARYLAND,HARVEST BANK OF MARYLAND,1,FAILURE,156825,0.023780475,-1.471989423,-1.471989423,-1.203309628,0.02565053,0.89736795,0.348841103,1,1,29,0,1
3041349,12/31/2008,SOUTHERN COLORADO NATIONAL BANK,SOUTHERN COLORADO NATIONAL BANK,1,FAILURE,58631,-0.701767335,-0.987377061,-0.987377061,-1.041300402,1.621912459,1.08276285,-1.928282436,1,1,30,0,1
2876889,12/31/2007,HAVEN TRUST BANK,HAVEN TRUST BANK,1,FAILURE,504306,0.885155134,-0.218612181,-0.218612181,-0.59134494,1.499541464,0.155788351,-0.253926893,1,1,30,0,1
2453132,12/31/2009,PIERCE COMMERCIAL BANK,PIERCE COMMERCIAL BANK,1,FAILURE,262114,0.402568372,-4.338486815,-4.338486815,-0.454281087,-0.051176996,1.08276285,1.01858332,1,1,38,0,1
249256,3/31/2007,DOUGLASS NATIONAL BANK,DOUGLASS NATIONAL BANK,1,FAILURE,66003,-0.614426832,-1.461536123,-1.461536123,-0.830155827,-0.682899268,-1.976252995,0.482789546,1,1,27,0,1
128904,3/31/2007,EASTERN BANK,,0,,6542984,2.77520123,0.109220962,0.109220962,-0.471879652,-0.293171537,-1.976252995,0.482789546,0,,60,1,1
341178,12/31/2010,"BLUE RIDGE SAVINGS BANK, INC","BLUE RIDGE SAVINGS BANK, INC.",1,FAILURE,167970,0.074409659,-4.203131239,-4.203131239,-1.166730179,-1.33233783,0.89736795,0.348841103,1,1,14,0,1
783648,6/30/2009,CENTIER BANK,,0,,2008191,1.90416138,-1.443323406,-1.443323406,-0.286010748,0.100920933,1.08276285,-1.928282436,0,,60,1,1
2197098,9/30/2012,BANK OF NEVADA,,0,,2917985,2.179714349,0.020067755,0.020067755,0.138548083,-0.228355036,-0.771186147,0.080944216,0,,50,1,1
1402405,12/31/2009,FIRST BANK OF JACKSONVILLE,FIRST BANK OF JACKSONVILLE,1,FAILURE,80363,-0.469258066,-6.076540635,-6.076540635,-0.450595056,-1.88290206,1.08276285,1.01858332,1,1,38,0,1
586205,6/30/2002,CITIZENS BANK OF CONNECTICUT,,0,,2636159,2.10481178,0.336509556,0.336509556,0.06416424,0.085412665,1.268157749,-0.119978449,0,,25,1,1
321536,3/31/2008,OCALA NATIONAL BANK,OCALA NATIONAL BANK,1,FAILURE,271142,0.42754058,-1.265032279,-1.265032279,-1.554240082,-0.14839016,0.155788351,-0.253926893,1,1,31,0,1
3402481,6/30/2012,SUNRISE BANK,SUNRISE BANK,1,FAILURE,74763,-0.522524282,-2.509888662,-2.509888662,-0.625464333,-1.016196409,-0.585791248,-0.52182378,1,1,27,0,1
750305,6/30/2003,DANVERS SAVINGS BANK,,0,,834645,1.256697094,0.090383388,0.090383388,0.121530865,-0.000960674,0.433880701,0.951609098,0,,41,1,1
38535,9/30/2011,FIRST UNITED BANK,FIRST UNITED BANK,1,FAILURE,375638,0.667935306,-2.555365736,-2.555365736,-0.659573481,-0.664807627,0.155788351,-1.057617554,1,1,45,0,1
147174,9/30/2009,STERLING BANK,STERLING BANK,1,FAILURE,371541,0.659847973,-2.093125906,-2.093125906,-1.325146895,-0.4778494,1.175460299,-0.722746445,1,1,25,0,1
613008,6/30/2007,ROCKLAND TRUST COMPANY,,0,,2656442,2.110464074,0.103164542,0.103164542,0.222175172,-0.588790484,-1.976252995,0.482789546,0,,60,1,1
765756,6/30/2003,"WELLS FARGO BANK TEXAS, NATIONAL ASSOCIATION",,0,,24439690,3.747017447,0.097716031,0.097716031,-0.610650283,-0.093614142,0.433880701,0.951609098,0,,10,1,1
1386251,9/30/2014,BANCFIRST,,0,,6386737,2.757377306,0.150838399,0.150838399,-0.570551609,-0.143202864,0.155788351,0.482789546,0,,60,1,1
933621,9/30/2007,BURKE AND HERBERT BANK AND TRUST COMPANY,,0,,1488042,1.683095155,0.197721826,0.197721826,-0.237859602,-0.190658655,-1.698160646,0.214892659,0,,60,1,1
876634,6/30/2008,CAPITAL CITY BANK,,0,,2632391,2.103756957,0.021933099,0.021933099,0.561108243,-0.418871354,0.155788351,-0.253926893,0,,60,1,1
367851,12/31/2009,COMMUNITY NATIONAL BANK,COMMUNITY NATIONAL BANK,1,FAILURE,40349,-0.9773483,-2.24841855,-2.24841855,-2.326389075,-0.79338789,1.08276285,1.01858332,1,1,38,0,1
3225411,9/30/2007,FIRST PRIORITY BANK,FIRST PRIORITY BANK,1,FAILURE,276219,0.441221189,-2.417124886,-2.417124886,-1.012871773,0.632577276,-1.698160646,0.214892659,1,1,18,0,1
2737029,3/31/2010,FIRST COMMERCIAL BANK OF FLORIDA,FIRST COMMERCIAL BANK OF FLORIDA,1,FAILURE,662487,1.086343198,-0.77313312,-0.77313312,-1.892015258,-0.338639995,1.08276285,1.01858332,1,1,39,0,1
913856,12/31/2011,PINNACLE BANK,,0,,3171239,2.241091202,0.492665219,0.492665219,0.045408366,0.191960961,-0.585791248,-0.52182378,0,,60,1,1
23504,6/30/2013,"BRIDGEHAMPTON NATIONAL BANK, THE",,0,,1728267,1.793459712,0.02387257,0.02387257,-0.576603218,0.900306587,-0.400396348,-0.387875336,0,,60,1,1
186650,12/31/2008,JENNINGS STATE BANK,JENNINGS STATE BANK,1,FAILURE,50810,-0.807347622,-0.433046378,-0.433046378,-0.265785214,-0.146673502,1.08276285,-1.928282436,1,1,34,0,1
723354,12/31/2002,"WELLS FARGO BANK NEBRASKA, NATIONAL ASSOCIATION",,0,,3936076,2.400424995,-0.166441361,-0.166441361,-0.854337576,0.152655804,0.433880701,0.951609098,0,,10,1,1
2942690,3/31/2013,SIGNATURE BANK,,0,,18266644,3.532323758,0.134259741,0.134259741,-0.297790587,0.340972922,-0.400396348,-0.387875336,0,,59,1,1
3250114,9/30/2009,NORTHWEST BANK & TRUST,NORTHWEST BANK & TRUST,1,FAILURE,173120,0.096680207,-4.858823363,-4.858823363,-1.908208802,0.402686049,1.175460299,-0.722746445,1,1,25,0,1
786274,12/31/2013,MUTUAL OF OMAHA BANK,,0,,6392855,2.758083383,-0.076798171,-0.076798171,-0.136713283,-0.415012623,0.341183251,1.487402872,0,,17,1,1
1161029,3/31/2012,BANK OF HAMPTON ROADS,,0,,1848201,1.842937526,-0.903138798,-0.903138798,-0.404258393,-0.566156238,-0.585791248,-0.52182378,0,,60,1,1
2270795,12/31/2002,"DIRECT MERCHANTS CREDIT CARD BANK, NATIONAL ASSOCIATION",,0,,1417615,1.647339926,1.777141695,1.777141695,5.22955923,-2.077110295,0.433880701,0.951609098,0,,18,1,1
579252,3/31/2003,GOLD BANK,,0,,2177648,1.963902598,0.032886096,0.032886096,-0.379730974,0.328956316,0.433880701,0.951609098,0,,20,1,1
2713461,6/30/2009,NEW CENTURY BANK,NEW CENTURY BANK,1,FAILURE,528100,0.919153144,-0.901087235,-0.901087235,-1.470705163,0.870676788,1.08276285,-1.928282436,1,1,36,0,1
633378,9/30/2013,KEARNY FEDERAL SAVINGS BANK,,0,,3220336,2.252420819,-0.154214157,-0.154214157,-1.11973589,0.127293284,0.341183251,1.42042865,0,,16,1,1
485559,6/30/2002,FIRST TENNESSEE BANK NATIONAL ASSOCIATION MEMPHIS,,0,,19383695,3.576095239,0.426267596,0.426267596,-0.021317666,-0.094625563,1.268157749,-0.119978449,0,,60,1,1
654757,3/31/2002,COMMUNITY FIRST NATIONAL BANK,,0,,5562774,2.655516537,0.402592839,0.402592839,0.964196644,-0.578880852,1.268157749,-0.119978449,0,,14,1,1
